 1.0/5; PROMOTER - Baskets montantes
 3.0/5; VIVIDLY - Escarpins
 3.5/5; Chemisier
 3.9/5; ONSIASON SLIM TEE - T-shirt imprimé
 3.9/5; BAAY MAOI - Bikini
 4.0/5; JDYBRILLIANT HOOD CARDIGAN - Gilet
 4.0/5; REGULAR FIT - Parka
 4.2/5; FILLI V NECK GA NOOS - T-shirt basique
 4.2/5; T-shirt Ã  manches longues
 4.3/5; DEANA - Sac de randonnée
 4.3/5; LEFT CHEST LOGO TEE - T-shirt basique
 4.3/5; BVITAL - Sac bandoulière
 4.3/5; CHARLIZE - Escarpins Ã  plateforme
 4.3/5; VALA - Escarpins
 4.3/5; ICE - T-shirt basique
 4.3/5; MID CUT SHOE REBOUND 2.0 - Chaussures de basket
 4.4/5; EVERYDAY VOLLEY - Short de bain
 4.5/5; T-shirt Ã  manches longues
 4.5/5; Sweat Ã  capuche zippé
 4.5/5; 3 POINT - Chaussures fitness
 4.6/5; CHALLENGER UNISEX - Short de sport
 4.6/5; VIKKY - Cabas
 4.7/5; OLD SKOOL - Sac Ã  dos
 4.7/5; GRAVITON AC UNISEX - Baskets basses
 4.7/5; CLUB HOODIE - Sweat Ã  capuche
 4.8/5; CALI - Short de bain
 4.8/5; LOW CUT SHOE REBOUND 2.0 UNISEX - Chaussures de basket
 5.0/5; LOW CUT SHOE JOLT - Chaussures de course
 5.0/5; RENEW IN SEASON TR 12 - Chaussures fitness
 5.0/5; Polo
 5.0/5; UHR PRAGUE - Montre
 5.0/5; PRINTED DUNE SKY TANKLETTE - Débardeur
 5.0/5; STUDIOS - Débardeur
 5.0/5; LAMITA - Sac bandoulière
 5.0/5; ALLOVER LOGO - Blouson
 5.0/5; LOW CUT SHOE REBOUND 2.0 UNISEX - Chaussures de basket
 aucun ; Sweat Ã  capuche
 aucun ; Jean flare
 aucun ; LONG STYLE - Gilet
 aucun ; STRETCH MIT ZIERNAHT - Legging
 aucun ; YASLIZZIE STRAIGHT PANT - Pantalon classique
 aucun ; YASRINGO HIGH WAIST FLARED PANT CELEB - Pantalon classique
 aucun ; YASLIZZIE BUSTIER CELEB - Débardeur
 aucun ; PALPITI - Jean bootcut
 aucun ;" ""BABBA - Veste dhiver"""
 aucun ;" ""TJCU REVERSIBLE CROPPED COACH - Veste dhiver"""
 aucun ; 1/2 ARM KURZARM - Polo
 aucun ; 2 PACK - Haut de pyjama
 aucun ; 3 POINT - Chaussures fitness
 aucun ; 3/4 ARM - T-shirt Ã  manches longues
 aucun ; Ã€ CAPUCHE AVEC POCHES EN - FABIO - Sweat Ã  capuche
 aucun ; AC DREAMBLEND - T-shirt Ã  manches longues
 aucun ; AIRFLOW KURZÃ„RMLIGES - Chemise
 aucun ; AIRTAG LOOP - Autres accessoires
 aucun ; ALEX MINI DRESS SENORITA - Robe de soirée
 aucun ; ALLOVER LOGO - Blouson
 aucun ; AMONG US - T-shirt imprimé
 aucun ; ANATOLE - Escarpins
 aucun ; ANJA DRESS - Robe pull
 aucun ; APPLE 12W USB POWER ADAPTER - Cable chargeur
 aucun ; ASHBURN PUFFER - Veste mi-saison
 aucun ; AYAS - Sweatshirt
 aucun ; Baskets basses
 aucun ; Baskets basses
 aucun ; BAYRISE EQYFT04763 - Sweatshirt
 aucun ; BEAU - Bikini
 aucun ; BELLI - Haut de pyjama
 aucun ; BETTER THAN EVER - Débardeur
 aucun ; BIG LOGO HOOD - Sweat Ã  capuche
 aucun ; BLACKHEAD EXTRACTOR TOOL - Accessoires soin du corps
 aucun ; Blouse
 aucun ; Blouson Bomber
 aucun ; BLUNT POUR HOMME ELYKT - T-shirt Ã  manches longues
 aucun ; BOOM BOOM CHECK IT - Sweat Ã  capuche
 aucun ; BORMIO REGULAR - T-shirt imprimé
 aucun ; Bottes de neige
 aucun ; BOXY - T-shirt imprimé
 aucun ; CALI - Short de bain
 aucun ; CALL MY LAWYER ACT NOW UNISEX - T-shirt imprimé
 aucun ; CAPTIVANTE - Soutien-gorge Ã  armatures
 aucun ; CARDIGAN VANESSA - Gilet
 aucun ; CASUAL - Chemise
 aucun ; CASUAL - Sweatshirt
 aucun ; CASUAL - Veste en cuir
 aucun ; CHARLIZE - Escarpins Ã  plateforme
 aucun ; CHECKED - Chemisier
 aucun ; CHECKED - Débardeur
 aucun ; Chemise
 aucun ; Chemise
 aucun ; Chemise
 aucun ; Chemisier
 aucun ; Chemisier
 aucun ; Chemisier
 aucun ; COL V EN - EVANN - Pullover
 aucun ; COL V EN - Pullover
 aucun ; COMBAT - Pantalon de survÃªtement
 aucun ; Combinaison
 aucun ; COMFORT BAARO - Sweatshirt
 aucun ; CONTRAST FLORAL EMBROIDERED PUFF SLEEVE - Robe de cocktail
 aucun ; CONTRAST RAGLAN - T-shirt Ã  manches longues
 aucun ; CORNELL - Sweat Ã  capuche
 aucun ; CORNELL - Sweatshirt
 aucun ; CRAIL 3 0 - POUR ELYKT00120 - T-shirt basique
 aucun ; CROPPED - Chemisier
 aucun ; DAROS UNISEX - Sandales
 aucun ; DEFEAT - Pullover
 aucun ; DESIGNED FOR TRAINING - T-shirt basique
 aucun ; DETANGLER PADDLE PRO - Accessoires cheveux
 aucun ; DETANGLING COMB - Accessoires cheveux
 aucun ; DOPPELPACK - Collants
 aucun ; DOUBLE SIDE - Veste en cuir
 aucun ; EAST WEST DRESS - Robe de jour
 aucun ; ELOISA - Blazer
 aucun ; ENERGEN - Chaussures de running neutres
 aucun ; EVEREST FUNDUS - Mules
 aucun ; EVERYDAY DELUXE VOLLEY - Short de bain
 aucun ; EVERYDAY VOLLEY - Short de bain
 aucun ; FIENNA - T-shirt Ã  manches longues
 aucun ; FILLI V NECK GA NOOS - T-shirt basique
 aucun ; FIREBIRD TP - Pantalon de survÃªtement
 aucun ; FLEX DRY PRO - Accessoires cheveux
 aucun ; FLORAL PRINT - Blouse
 aucun ; FLORIANE - Pantalon classique
 aucun ; GEL QUANTUM 90 GS - Baskets basses
 aucun ; GENNIKB - Blouse
 aucun ; GIGIKB - Pullover
 aucun ; Gilet
 aucun ; GLADYS - Bottines Ã  plateau
 aucun ; GO GREEN CURLY DETANGLER - Accessoires cheveux
 aucun ; HARD TIMES PHYSICAL THERAPY UNISEX - T-shirt imprimé
 aucun ; HELSINKI - Doudoune
 aucun ; HIGH COLLAR - Veste en cuir
 aucun ; IDENTITY CLASSICS - T-shirt basique
 aucun ; IDOLE - Soutien-gorge triangle
 aucun ; J VANIETT - Sandales de randonnée
 aucun ; JALMAR - Pullover
 aucun ; JDYALICE SHIRT - Chemisier
 aucun ; JDYBRILLIANT HOOD CARDIGAN - Gilet
 aucun ; JDYRACHEL - Blouse
 aucun ; Jean droit
 aucun ; JJECORP LOGO SS PLAY NOOS JNR - T-shirt imprimé
 aucun ; JJHILL HIGH NECK CARDIGAN - Gilet
 aucun ; KARLO UNISEX - Sandales de randonnée
 aucun ; KCHELLA - Robe de jour
 aucun ; KCJALU BBB - Blouse
 aucun ; KCMEDU - Blouse
 aucun ; KCMITTO - Blouse
 aucun ; K-ELESTO - Pullover
 aucun ; K-LARAN - Pullover
 aucun ; KYLA - Veste mi-saison
 aucun ; LANGARM MIT STREIFEN-DESSIN - Pullover
 aucun ; LAURYN - Santiags
 aucun ; LOGO TRACK JACKET - Veste de survÃªtement
 aucun ; LOGO TRACK PANTS - Pantalon de survÃªtement
 aucun ; LORE N-STRAPS - Sandales
 aucun ; LORE STRAPS - Sandales
 aucun ; LOVE THE 360 - Haut de bikini
 aucun ; LOW CUT SHOE JAUNT - Chaussures fitness
 aucun ; LOW CUT SHOE REBOUND 2.0 UNISEX - Chaussures de basket
 aucun ; LOW CUT SHOE SOFTY EVOLVE UNISEX - Chaussures fitness
 aucun ; LUKA UNISEX - Baskets basses
 aucun ; MAGLIA GIROCOLLO - Pullover
 aucun ; MANCHES CHAUVE-SOURIS EN - BOXE - Pullover
 aucun ; Manteau court
 aucun ; MARLAN - Gilet
 aucun ; MARLIN 12 - Santiags
 aucun ; MARY F - Ballerines
 aucun ; MATISSE - Manteau classique
 aucun ; MENS - Pullover
 aucun ; MET RUITDESSIN - Veste polaire
 aucun ; MID CUT SHOE REBOUND 2.0 MID - Chaussures de basket
 aucun ; MILAN - Pantalon de survÃªtement
 aucun ; MINI DETANGLER PRO - Accessoires cheveux
 aucun ; MIT 3/4 ARM - T-shirt Ã  manches longues
 aucun ; MIT BLOCKSTREIFEN - Gilet
 aucun ; MIT PERLENBAND - Robe de soirée
 aucun ; MIT PRINT - Pullover
 aucun ; MIT RUNDHALSAUSSCHNITT - SurvÃªtement
 aucun ; MIT SCHRIFTZUG CALDERON - Sweat Ã  capuche
 aucun ; MIT V AUSSCHNITT - Pullover
 aucun ; MIX TEXTURE - Pullover
 aucun ; MONIQ - Robe fourreau
 aucun ; MORE FUN - Bas de bikini
 aucun ; NATURALLY ACTIVE - Sweatshirt
 aucun ; NBMTOBBIE LS BOX - T-shirt Ã  manches longues
 aucun ; NMFRAFA LS BOX - T-shirt Ã  manches longues
 aucun ; NOTCH STRIPE FLUTE - Pullover
 aucun ; ONLEMILY DRESS - Robe de jour
 aucun ; ORIGINAL - T-shirt basique
 aucun ; ORIGINAL DETANGLER - Accessoires cheveux
 aucun ; OVERSIZE CONTRAST THREAD-01857127 - Sweat Ã  capuche
 aucun ; OVERSIZED FLORAL ARTWORK - Sweat Ã  capuche
 aucun ; PAIX - Chaussures premiers pas
 aucun ; PAIX UNISEX - Chaussures Ã  scratch
 aucun ; PALPITI - Jean bootcut
 aucun ; Pantalon classique
 aucun ; Pantalon classique
 aucun ; PCRUKA - T-shirt Ã  manches longues
 aucun ; PEDRO - Jean slim
 aucun ; PERFECT BODY MIT REISSVERSCHLUSSTASCHEN - Pantalon classique
 aucun ; PMHANNE - Jeans Skinny
 aucun ; POLICY - Baskets basses
 aucun ; Polo
 aucun ; PREMIUM EMBROIDERED AND EMBELLISHED MAXI DRESS - Robe de cocktail
 aucun ; PRINT - Legging
 aucun ; PROMOTER - Baskets montantes
 aucun ; Pullover
 aucun ; Pullover
 aucun ; PZOPFMUSTER OVERSIZED STEHKRAGEN Ã„RMELLOS - T-shirt imprimé
 aucun ; REBOUND 2.0 - Chaussures fitness
 aucun ; REGULAR FIT MET DESSIN - Chemise
 aucun ; RETRO FADE - Sweat Ã  capuche
 aucun ; Robe pull
 aucun ; ROSARIO VEGAN - Baskets basses
 aucun ; ROUND NECK - Pullover
 aucun ; SANS MANCHES SKIN - Veste sans manches
 aucun ; SHEARLING CHORE - Veste en cuir
 aucun ; SILVESTER PARTY HAPPY PEOPLE ONLY - T-shirt imprimé
 aucun ; SLASH-NECK RUCHED MIDI DRESS - Robe longue
 aucun ; SLFMONIKA HIGH NECK - T-shirt Ã  manches longues
 aucun ; SLFSALLI OVERSIZE - Chemisier
 aucun ; Slip
 aucun ; SOLID STREAK SURF LONGSLEEVE MIT UPF 50 - T-shirt Ã  manches longues
 aucun ; STAR - Chaussures de running stables
 aucun ; STEFANI - TWEED - Robe de jour
 aucun ; STEFY - Mocassins
 aucun ; STRAMPLER LANGARM - Body
 aucun ; STRETCH MIT ZIERNAHT - Legging
 aucun ; SUBLIME WE CARE CLASSIQUE - Soutien-gorge Ã  armatures
 aucun ; SurvÃªtement
 aucun ; Sweat Ã  capuche
 aucun ; Sweat Ã  capuche zippé
 aucun ; Sweatshirt
 aucun ; Sweatshirt
 aucun ; Sweatshirt
 aucun ; TANK - Débardeur
 aucun ; TAPE OVERHEAD HOOD - T-shirt Ã  manches longues
 aucun ; THE FASHION SET - Costume
 aucun ; T-MODELL - Chaussons
 aucun ; TOPAZ C3 - Baskets basses
 aucun ; TORO PRO GTX LO WS - Chaussures de marche
 aucun ; T-shirt Ã  manches longues
 aucun ; T-shirt Ã  manches longues
 aucun ; T-shirt Ã  manches longues
 aucun ; T-shirt Ã  manches longues
 aucun ; T-shirt imprimé
 aucun ; T-shirt imprimé
 aucun ; TWITCH RUNNER - Chaussures de running
 aucun ; ULTRA FLEX SLEEVE - Protège-tibias
 aucun ; UNISEX - T-shirt imprimé
 aucun ; VALLEY - Sweat Ã  capuche
 aucun ; VEGA - Robe longue
 aucun ; VENT MAX - Veste de survÃªtement
 aucun ; Veste légère
 aucun ; Veste mi-saison
 aucun ; Veste mi-saison
 aucun ; Veste sans manches
 aucun ; VINTAGE MERCH STORE - Sweat Ã  capuche
 aucun ; VMBUMPY SHIRT NEW - Chemisier
 aucun ; VMJULIANA BOOT - Bottines Ã  plateau
 aucun ; VMLIANNA SHORT SKIRT - Minijupe
 aucun ; VMPEPPER ANEA V NECK - Blouse
 aucun ; VMPEPPER AYA WRAP - Blouse
 aucun ; VMSABA O NECK STRIPE - Pullover
 aucun ; WILD FLOWERS DAD TEE - T-shirt imprimé
 aucun ; WOMAN JACKET FIX HOOD - Veste imperméable
 aucun ; YASATHENA STRAP - Débardeur
 aucun ; YASJELLA PANT - Pantalon classique
 aucun ; YASRINGO - Pantalon classique
 aucun ; MET RUITDESSIN - Veste polaire
 aucun ; REGULAR FIT - Pantalon classique
 aucun ; SANS MANCHES SKIN - Veste sans manches
 aucun ; VMSABA O NECK STRIPE - Pullover
 aucun ; VMPEPPER ANEA V NECK - Blouse
 aucun ; VMAVA PLAIN TOP - T-shirt basique
 aucun ; GESTREIFTES - T-shirt Ã  manches longues
 aucun ; VMRIE OLI WIDE PANTS - Pantalon classique
 aucun ; ORIGINALE APIL - Casquette
 aucun ; TRUCKER TATOO - Casquette
 aucun ; Casquette
 aucun ; DX SKATEPACK - Sac Ã  dos
 aucun ; BOXED LOGO FORAL SS TEE - T-shirt imprimé
 aucun ; UA OLD SKOOL - Baskets basses
 aucun ; PIPINGS UNTERBRUSTBAND VORDER - Maillot de bain
 aucun ; Maillot de bain
 aucun ; HERZMUSTER A-LINIE STEHKRAGEN LANGARM - Sweatshirt
 aucun ; PZOPFMUSTER OVERSIZED STEHKRAGEN Ã„RMELLOS - T-shirt imprimé
 aucun ; ALICE - Autres accessoires
 aucun ; ALICE - Autres accessoires
 aucun ; ALICE - Autres accessoires
 aucun ; FRED - Ã‰charpe tube
 aucun ; FRED - Ã‰charpe tube
 aucun ; ALICIA - Ã‰charpe tube
 aucun ; DARREN - Bonnet
 aucun ; ED - Foulard Ã  cheveux
 aucun ; ED - Foulard Ã  cheveux
 aucun ; UNISEX - Chaussures bateau
 aucun ;" ""HELIOS - Veste dhiver"""
 aucun ; SIGNATURE IMPERIALE - T-shirt basique
 aucun ; VINTAGE MERCH STORE - Sweat Ã  capuche
 aucun ; PARACHUTE GRIP - Pantalon cargo
 aucun ;" ""PACK OF - Boucles doreilles"""
 aucun ; MIT CUT-OUTS UND ABGETRENNTEN Ã„RMELN - Pullover
 aucun ; POCKET SANDY - Jean slim
 aucun ; Escarpins
 aucun ; Escarpins
 aucun ; WOVEN DRESS - Robe en jean
 aucun ; APPLIQUE LOGO - T-shirt imprimé
 aucun ; APPLIQUE LOGO - T-shirt imprimé
 aucun ; Pullover
 aucun ; MORGANE - Blouse
 aucun ; SLFSALLI OVERSIZE - Chemisier
 aucun ; SLFELKE FLORENTA 3/4 DRESS - Robe longue
 aucun ; LAETIZIA - Sac Ã  main
 aucun ; OVERSIZED FLORAL ARTWORK - Sweat Ã  capuche
 aucun ; BEAU - Bikini
 aucun ; ELASTISCHE TAILLE LANGARM - Robe en jean
 aucun ; BEACH CLASSICS HIPSTERBASIC - Bas de bikini
 aucun ; LIGHTS OUT B - Sweatshirt
 aucun ; RI MONOGRAM BUNDLE - Portefeuille
 aucun ; Chemise
 aucun ; Robe de jour
 aucun ; COLLEGE SLIP OVER - T-shirt imprimé
 aucun ; IDENTITY STACKED LOGO - Sweat Ã  capuche
 aucun ; NEW BIG LOGO - Brassières de sport Ã  maintien léger
 aucun ; Pantalon de survÃªtement
 aucun ; IDENTITY - Short de sport
 aucun ; BRAND PROUD - Sweat Ã  capuche
 aucun ; ROYAL COMPLETE CLN 2 - Baskets basses
 aucun ; BEN - Moufles
 aucun ; REGATTA PIMLO WALKING - Sweat polaire
 aucun ; NOTCH STRIPE FLUTE - Pullover
 aucun ; TIE FRONT SHIRT - Chemisier
 aucun ; CONTRAST RAGLAN - T-shirt Ã  manches longues
 aucun ; WILD FLOWERS DAD TEE - T-shirt imprimé
 aucun ; SNACKEY GARDIAN - Sweatshirt
 aucun ; BAYRISE EQYFT04763 - Sweatshirt
 aucun ; CARVER CORE - Tongs
 aucun ; MIRAGE - Chaussures premiers pas
 aucun ; SMASH BUCK - Baskets basses
 aucun ; ART - T-shirt imprimé
 aucun ; CREW - Sweatshirt
 aucun ; PCRUKA - T-shirt Ã  manches longues
 aucun ; MALEWA - Sac bandoulière
 aucun ; NIEVA - Sac Ã  main
 aucun ; ONSLAW STRUCTURE PANT - Pantalon classique
 aucun ; Chemise
 aucun ; Chemise
 aucun ; CARIBI O NECK - Gilet
 aucun ; RICHARD - Chemise
 aucun ; Bottines Ã  plateau
 aucun ; CHECK HIGH WAIST - Legging
 aucun ; LOGO STRAIGHT PANT - Pantalon de survÃªtement
 aucun ; HORLOGES - Montre Ã  affichage digital
 aucun ; STRAMPLER LANGARM - Body
 aucun ; STRAMPLER LANGARM - Body
 aucun ; STRAMPLER LANGARM - Body
 aucun ; NBMTOBBIE LS BOX - T-shirt Ã  manches longues
 aucun ; AMONG US - T-shirt imprimé
 aucun ; TEE YOGA - T-shirt Ã  manches longues
 aucun ; AVEC LOGO EN - Gilet
 aucun ; AVEC LOGO - Pullover
 aucun ; Ã€ CAPUCHE AVEC POCHES EN - FABIO - Sweat Ã  capuche
 aucun ; COL V EN - EVANN - Pullover
 aucun ; COL V EN - Pullover
 aucun ; COL V EN - Pullover
 aucun ; MANCHES CHAUVE-SOURIS EN - BOXE - Pullover
 aucun ; ALGHERO - Pullover
 aucun ; Pullover
 aucun ; STEFANI - TWEED - Robe de jour
 aucun ; FIENNA - T-shirt Ã  manches longues
 aucun ; FIENNA - T-shirt Ã  manches longues
 aucun ; ROEL PORTABLE - Ã‰tui Ã  portable
 aucun ; ROEL PORTABLE - Ã‰tui Ã  portable
 aucun ;" ""JACKET STAND UP COLLAR DRAWSTRING HEM - Veste dhiver"""
 aucun ; MIT V-AUSSCHNITT - Pullover
 aucun ; MIT V-AUSSCHNITT - Pullover
 aucun ; MIT U-BOOT-AUSSCHNITT - Pullover
 aucun ; Veste mi-saison
 aucun ; PLAIN - Cravate
 aucun ; PLAIN - Cravate
 aucun ; Cravate
 aucun ; Ã‰charpe
 aucun ; CREPE - Ã‰charpe
 aucun ; T-shirt basique
 aucun ; WITH CENTRAL SEAM 05043702 - Pantalon classique
 aucun ; FLORAL EMBELLISHED CAMI MAXI DRESS - Robe de cocktail
 aucun ; Combinaison de ski
 aucun ; ELENA - Blouse
 aucun ; SAISON UNISEX - T-shirt imprimé
 aucun ; DOPPELPACK - Collants
 aucun ; MONOGRAM LARGE ANDIE DRAWSTRING - Sac Ã  main
 aucun ; HAT - Chapeau
 aucun ; RIO - Haut de bikini
 aucun ; CARDIGAN VANESSA - Gilet
 aucun ; CARDIGAN VANESSA - Gilet
 aucun ; ELOISA - Blazer
 aucun ; HINGED BANGLE - Bracelet
 aucun ; GENNIKB - Blouse
 aucun ; KCHELLA - Robe de jour
 aucun ; MONOGRAM ALL-OVER - Collier
 aucun ; DAZZLE CHOKER - Collier
 aucun ; HANSEL - Bottines
 aucun ; JDYALICE SHIRT - Chemisier
 aucun ; JONA MEDIUM STYLISC - Sac Ã  dos
 aucun ; JONA MEDIUM STYLISC - Sac Ã  dos
 aucun ; COSMA PURSE - Portefeuille
 aucun ; JJECORP LOGO SS PLAY NOOS JNR - T-shirt imprimé
 aucun ; JORBECKS CREW NECK - Sweatshirt
 aucun ; JJHILL HIGH NECK CARDIGAN - Gilet
 aucun ; BLOUSON SLEEVE BUSTIER RUCHED DETAIL MINI DRESS - Robe de soirée
 aucun ; EVEREST FUNDUS - Mules
 aucun ; Pullover
 aucun ; BE DIFFERENT - Portefeuille
 aucun ;" ""Veste dhiver"""
 aucun ; 1/2 ARM KURZARM - Polo
 aucun ; Ceinture
 aucun ; MAILA - Sac Ã  main
 aucun ; Sac Ã  main
 aucun ; MIT KAPUZE - Parka
 aucun ; MIT ALLOVER-PRINT - Robe de jour
 aucun ; SEITLICHES BLUMEN-LOGO - Pantalon de survÃªtement
 aucun ; ANJA DRESS - Robe pull
 aucun ; GRY BLOUSE - Blouse
 aucun ; J VANIETT - Sandales de randonnée
 aucun ; T-shirt basique
 aucun ; SLUB SCOOP TEE - T-shirt Ã  manches longues
 aucun ; FURLA OPPORTUNITY L - Cabas
 aucun ; SLEEVE LOGO LONG SLEEVE - Pullover
 aucun ; CANEDO STRIPE - T-shirt imprimé
 aucun ; BAREFOOT UNISEX - Chaussures Ã  scratch
 aucun ; ROSARIO VEGAN UNISEX - Baskets basses
 aucun ; MARY F - Ballerines
 aucun ; Slip
 aucun ; BELLI - Haut de pyjama
 aucun ; BEKA - Haut de pyjama
 aucun ; SUBLIME WE CARE CLASSIQUE - Soutien-gorge Ã  armatures
 aucun ; TREELOGO - Casquette
 aucun ; CORNELL - Sweat Ã  capuche
 aucun ; CORNELL - Sweat Ã  capuche
 aucun ;" ""MARLIN - Veste dhiver"""
 aucun ; Robe pull
 aucun ; FLORIANE - Pantalon classique
 aucun ;" ""BABBA - Veste dhiver"""
 aucun ; VEGA - Robe longue
 aucun ; Jean slim
 aucun ; STANHOPE - Montre
 aucun ; T-SLI-G3 - T-shirt imprimé
 aucun ; SET REGULAR FIT - Pyjama
 aucun ; REGULAR FIT - Chemise de nuit / Nuisette
 aucun ; Pochette
 aucun ; Blouson Bomber
 aucun ; REGULAR FIT - Sweatshirt
 aucun ; REGULAR FIT - Sweat Ã  capuche
 aucun ; Sweat polaire
 aucun ; PEDRO - Jean slim
 aucun ; Chemisier
 aucun ; OVERSIZE FIT - Chemisier
 aucun ; Robe longue
 aucun ; Sweatshirt
 aucun ; MAGIC BASKET MID TWIN UNISEX - Baskets montantes
 aucun ; HOODIE TRIBE - Sweatshirt
 aucun ; WILLOW - Sac Ã  main
 aucun ; Ã‰tui Ã  clefs
 aucun ; Sac bandoulière
 aucun ; ANGELANEWTARTAN - Sac bandoulière
 aucun ; MIT SAFFIANO-PRÃ„GUNG CHITI - Ceinture
 aucun ; LOW CUT SHOE SPRINT - Chaussures fitness
 aucun ; LOW CUT SHOE SPRINT - Chaussures fitness
 aucun ; LOW CUT SHOE SPRINT - Chaussures fitness
 aucun ; LOW CUT SHOE PEONY - Chaussures fitness
 aucun ; 2 PACK - Sweatshirt
 aucun ; Jeans Skinny
 aucun ; 3 POMPONS JUS DE POMME - Bonnet
 aucun ; BULO POINT JACKET OMNI-HEAT-INFINITY - Doudoune
 aucun ; CROPPED - Veste en jean
 aucun ; MILANO SLIM FIT - Chemise
 aucun ; MORE FUN - Bas de bikini
 aucun ; Cabas
 aucun ; BOXY-FIT SHORT SLEEVE ONE PIECE - T-shirt imprimé
 aucun ; BOXY FIT SHORT SLEEVE WITH CONTRAST THREAD - T-shirt imprimé
 aucun ; MICKEY - PRINT - Sweat Ã  capuche
 aucun ; Pullover
 aucun ; RACEMASTER JACKET - Veste légère
 aucun ; Débardeur
 aucun ; BEKA UNISEX - Sandales
 aucun ; Mallette
 aucun ; LINA - Cache-oreilles
 aucun ; LINA - Cache-oreilles
 aucun ; LINA - Cache-oreilles
 aucun ; LINA - Cache-oreilles
 aucun ; Santiags
 aucun ; DAVINJAA SOFT - Pullover
 aucun ; LAARNI - Pullover
 aucun ; ONE SHOULDER RUFFLE DRESS - Robe de soirée
 aucun ; MALLEUM ANHÃ„NGER - Collier
 aucun ; MALLEUM ANHÃ„NGER - Collier
 aucun ; T-shirt imprimé
 aucun ; STAR - Chaussures de running stables
 aucun ; ADIBREAK - Pantalon de survÃªtement
 aucun ; KAYANNIE - Sac Ã  main
 aucun ; SNOWMASS - Bottines Ã  lacets
 aucun ; ROXANNE ANKLE - Jeans Skinny
 aucun ; Robe en jean
 aucun ; ALPHA INDUSTRIES PADDED OVERSHIRT - Blouson Bomber
 aucun ; ALPHA INDUSTRIES JACKET - Blouson Bomber
 aucun ; Ã‰charpe
 aucun ; MIT AUFDRUCK - Ã‰charpe
 aucun ; MIT KRAGEN - Robe pull
 aucun ; PERFECT BODY MIT REISSVERSCHLUSSTASCHEN - Pantalon classique
 aucun ; MIT EINGRIFFTASCHEN - Pantalon de survÃªtement
 aucun ; TROUBLE - Sweat Ã  capuche
 aucun ; MST FOREST ROUND - Pullover
 aucun ; MSW STEFANO - Pullover
 aucun ; T-shirt imprimé
 aucun ; TCHITA-FN - Manteau court
 aucun ; Veste mi-saison
 aucun ;" ""Veste dhiver"""
 aucun ; Sweat Ã  capuche
 aucun ; CASUAL - Sweatshirt
 aucun ; Veste en cuir
 aucun ; CASUAL - Veste en cuir
 aucun ; HIGH COLLAR - Veste en cuir
 aucun ; CASUAL - Veste en cuir
 aucun ; CASUAL - Blouson Bomber
 aucun ; CASUAL - Veste en cuir
 aucun ; Chemisier
 aucun ; STRIPED - Robe fourreau
 aucun ; CASUAL - Robe de jour
 aucun ; SurvÃªtement
 aucun ; MIT RUNDHALSAUSSCHNITT - SurvÃªtement
1.0/5;PROMOTER - Baskets montantes
3.0/5;VIVIDLY - Escarpins
3.5/5;Chemisier
3.9/5;ONSIASON SLIM TEE - T-shirt imprimé
3.9/5;BAAY MAOI - Bikini
4.0/5;JDYBRILLIANT HOOD CARDIGAN - Gilet
4.0/5;REGULAR FIT - Parka
4.2/5;FILLI V NECK GA NOOS - T-shirt basique
4.2/5;T-shirt Ã  manches longues
4.3/5;DEANA - Sac de randonnée
4.3/5;LEFT CHEST LOGO TEE - T-shirt basique
4.3/5;BVITAL - Sac bandoulière
4.3/5;CHARLIZE - Escarpins Ã  plateforme
4.3/5;VALA - Escarpins
4.3/5;ICE - T-shirt basique
4.3/5;MID CUT SHOE REBOUND 2.0 - Chaussures de basket
4.4/5;EVERYDAY VOLLEY - Short de bain
4.5/5;T-shirt Ã  manches longues
4.5/5;Sweat Ã  capuche zippé
4.5/5;3 POINT - Chaussures fitness
4.6/5;VIKKY - Cabas
4.6/5;CHALLENGER UNISEX - Short de sport
4.7/5;OLD SKOOL - Sac Ã  dos
4.7/5;GRAVITON AC UNISEX - Baskets basses
4.7/5;CLUB HOODIE - Sweat Ã  capuche
4.8/5;CALI - Short de bain
4.8/5;LOW CUT SHOE REBOUND 2.0 UNISEX - Chaussures de basket
5.0/5;Polo
5.0/5;UHR PRAGUE - Montre
5.0/5;PRINTED DUNE SKY TANKLETTE - Débardeur
5.0/5;STUDIOS - Débardeur
5.0/5;LAMITA - Sac bandoulière
5.0/5;ALLOVER LOGO - Blouson
5.0/5;LOW CUT SHOE REBOUND 2.0 UNISEX - Chaussures de basket
5.0/5;LOW CUT SHOE JOLT - Chaussures de course
5.0/5;RENEW IN SEASON TR 12 - Chaussures fitness
aucun ;Sweat Ã  capuche
aucun ;Jean flare
aucun ;LONG STYLE - Gilet
aucun ;STRETCH MIT ZIERNAHT - Legging
aucun ;YASLIZZIE STRAIGHT PANT - Pantalon classique
aucun ;YASRINGO HIGH WAIST FLARED PANT CELEB - Pantalon classique
aucun ;YASLIZZIE BUSTIER CELEB - Débardeur
aucun ;PALPITI - Jean bootcut
aucun ;MET RUITDESSIN - Veste polaire
aucun ;REGULAR FIT - Pantalon classique
aucun ;SANS MANCHES SKIN - Veste sans manches
aucun ;VMSABA O NECK STRIPE - Pullover
aucun ;VMPEPPER ANEA V NECK - Blouse
aucun ;VMAVA PLAIN TOP - T-shirt basique
aucun ;GESTREIFTES - T-shirt Ã  manches longues
aucun ;VMRIE OLI WIDE PANTS - Pantalon classique
aucun ;ORIGINALE APIL - Casquette
aucun ;TRUCKER TATOO - Casquette
aucun ;Casquette
aucun ;DX SKATEPACK - Sac Ã  dos
aucun ;BOXED LOGO FORAL SS TEE - T-shirt imprimé
aucun ;UA OLD SKOOL - Baskets basses
aucun ;PIPINGS UNTERBRUSTBAND VORDER - Maillot de bain
aucun ;Maillot de bain
aucun ;HERZMUSTER A-LINIE STEHKRAGEN LANGARM - Sweatshirt
aucun ;PZOPFMUSTER OVERSIZED STEHKRAGEN Ã„RMELLOS - T-shirt imprimé
aucun ;ALICE - Autres accessoires
aucun ;ALICE - Autres accessoires
aucun ;ALICE - Autres accessoires
aucun ;FRED - Ã‰charpe tube
aucun ;FRED - Ã‰charpe tube
aucun ;ALICIA - Ã‰charpe tube
aucun ;DARREN - Bonnet
aucun ;ED - Foulard Ã  cheveux
aucun ;ED - Foulard Ã  cheveux
aucun ;UNISEX - Chaussures bateau
aucun ;"""HELIOS - Veste dhiver"""
aucun ;SIGNATURE IMPERIALE - T-shirt basique
aucun ;VINTAGE MERCH STORE - Sweat Ã  capuche
aucun ;PARACHUTE GRIP - Pantalon cargo
aucun ;"""PACK OF - Boucles doreilles"""
aucun ;MIT CUT-OUTS UND ABGETRENNTEN Ã„RMELN - Pullover
aucun ;POCKET SANDY - Jean slim
aucun ;Escarpins
aucun ;Escarpins
aucun ;WOVEN DRESS - Robe en jean
aucun ;APPLIQUE LOGO - T-shirt imprimé
aucun ;APPLIQUE LOGO - T-shirt imprimé
aucun ;Pullover
aucun ;MORGANE - Blouse
aucun ;SLFSALLI OVERSIZE - Chemisier
aucun ;SLFELKE FLORENTA 3/4 DRESS - Robe longue
aucun ;LAETIZIA - Sac Ã  main
aucun ;OVERSIZED FLORAL ARTWORK - Sweat Ã  capuche
aucun ;BEAU - Bikini
aucun ;ELASTISCHE TAILLE LANGARM - Robe en jean
aucun ;BEACH CLASSICS HIPSTERBASIC - Bas de bikini
aucun ;LIGHTS OUT B - Sweatshirt
aucun ;RI MONOGRAM BUNDLE - Portefeuille
aucun ;Chemise
aucun ;Robe de jour
aucun ;COLLEGE SLIP OVER - T-shirt imprimé
aucun ;IDENTITY STACKED LOGO - Sweat Ã  capuche
aucun ;NEW BIG LOGO - Brassières de sport Ã  maintien léger
aucun ;Pantalon de survÃªtement
aucun ;IDENTITY - Short de sport
aucun ;BRAND PROUD - Sweat Ã  capuche
aucun ;ROYAL COMPLETE CLN 2 - Baskets basses
aucun ;BEN - Moufles
aucun ;REGATTA PIMLO WALKING - Sweat polaire
aucun ;NOTCH STRIPE FLUTE - Pullover
aucun ;TIE FRONT SHIRT - Chemisier
aucun ;CONTRAST RAGLAN - T-shirt Ã  manches longues
aucun ;WILD FLOWERS DAD TEE - T-shirt imprimé
aucun ;SNACKEY GARDIAN - Sweatshirt
aucun ;BAYRISE EQYFT04763 - Sweatshirt
aucun ;CARVER CORE - Tongs
aucun ;MIRAGE - Chaussures premiers pas
aucun ;SMASH BUCK - Baskets basses
aucun ;ART - T-shirt imprimé
aucun ;CREW - Sweatshirt
aucun ;PCRUKA - T-shirt Ã  manches longues
aucun ;MALEWA - Sac bandoulière
aucun ;NIEVA - Sac Ã  main
aucun ;ONSLAW STRUCTURE PANT - Pantalon classique
aucun ;Chemise
aucun ;Chemise
aucun ;CARIBI O NECK - Gilet
aucun ;RICHARD - Chemise
aucun ;Bottines Ã  plateau
aucun ;CHECK HIGH WAIST - Legging
aucun ;LOGO STRAIGHT PANT - Pantalon de survÃªtement
aucun ;HORLOGES - Montre Ã  affichage digital
aucun ;STRAMPLER LANGARM - Body
aucun ;STRAMPLER LANGARM - Body
aucun ;STRAMPLER LANGARM - Body
aucun ;NBMTOBBIE LS BOX - T-shirt Ã  manches longues
aucun ;AMONG US - T-shirt imprimé
aucun ;TEE YOGA - T-shirt Ã  manches longues
aucun ;AVEC LOGO EN - Gilet
aucun ;AVEC LOGO - Pullover
aucun ;Ã€ CAPUCHE AVEC POCHES EN - FABIO - Sweat Ã  capuche
aucun ;COL V EN - EVANN - Pullover
aucun ;COL V EN - Pullover
aucun ;COL V EN - Pullover
aucun ;MANCHES CHAUVE-SOURIS EN - BOXE - Pullover
aucun ;ALGHERO - Pullover
aucun ;Pullover
aucun ;STEFANI - TWEED - Robe de jour
aucun ;FIENNA - T-shirt Ã  manches longues
aucun ;FIENNA - T-shirt Ã  manches longues
aucun ;ROEL PORTABLE - Ã‰tui Ã  portable
aucun ;ROEL PORTABLE - Ã‰tui Ã  portable
aucun ;"""JACKET STAND UP COLLAR DRAWSTRING HEM - Veste dhiver"""
aucun ;MIT V-AUSSCHNITT - Pullover
aucun ;MIT V-AUSSCHNITT - Pullover
aucun ;MIT U-BOOT-AUSSCHNITT - Pullover
aucun ;Veste mi-saison
aucun ;PLAIN - Cravate
aucun ;PLAIN - Cravate
aucun ;Cravate
aucun ;Ã‰charpe
aucun ;CREPE - Ã‰charpe
aucun ;T-shirt basique
aucun ;WITH CENTRAL SEAM 05043702 - Pantalon classique
aucun ;FLORAL EMBELLISHED CAMI MAXI DRESS - Robe de cocktail
aucun ;Combinaison de ski
aucun ;ELENA - Blouse
aucun ;SAISON UNISEX - T-shirt imprimé
aucun ;DOPPELPACK - Collants
aucun ;MONOGRAM LARGE ANDIE DRAWSTRING - Sac Ã  main
aucun ;HAT - Chapeau
aucun ;RIO - Haut de bikini
aucun ;CARDIGAN VANESSA - Gilet
aucun ;CARDIGAN VANESSA - Gilet
aucun ;ELOISA - Blazer
aucun ;HINGED BANGLE - Bracelet
aucun ;GENNIKB - Blouse
aucun ;KCHELLA - Robe de jour
aucun ;MONOGRAM ALL-OVER - Collier
aucun ;DAZZLE CHOKER - Collier
aucun ;HANSEL - Bottines
aucun ;JDYALICE SHIRT - Chemisier
aucun ;JONA MEDIUM STYLISC - Sac Ã  dos
aucun ;JONA MEDIUM STYLISC - Sac Ã  dos
aucun ;COSMA PURSE - Portefeuille
aucun ;JJECORP LOGO SS PLAY NOOS JNR - T-shirt imprimé
aucun ;JORBECKS CREW NECK - Sweatshirt
aucun ;JJHILL HIGH NECK CARDIGAN - Gilet
aucun ;BLOUSON SLEEVE BUSTIER RUCHED DETAIL MINI DRESS - Robe de soirée
aucun ;EVEREST FUNDUS - Mules
aucun ;Pullover
aucun ;BE DIFFERENT - Portefeuille
aucun ;"""Veste dhiver"""
aucun ;1/2 ARM KURZARM - Polo
aucun ;Ceinture
aucun ;MAILA - Sac Ã  main
aucun ;Sac Ã  main
aucun ;MIT KAPUZE - Parka
aucun ;MIT ALLOVER-PRINT - Robe de jour
aucun ;SEITLICHES BLUMEN-LOGO - Pantalon de survÃªtement
aucun ;ANJA DRESS - Robe pull
aucun ;GRY BLOUSE - Blouse
aucun ;J VANIETT - Sandales de randonnée
aucun ;T-shirt basique
aucun ;SLUB SCOOP TEE - T-shirt Ã  manches longues
aucun ;FURLA OPPORTUNITY L - Cabas
aucun ;SLEEVE LOGO LONG SLEEVE - Pullover
aucun ;CANEDO STRIPE - T-shirt imprimé
aucun ;BAREFOOT UNISEX - Chaussures Ã  scratch
aucun ;ROSARIO VEGAN UNISEX - Baskets basses
aucun ;MARY F - Ballerines
aucun ;Slip
aucun ;BELLI - Haut de pyjama
aucun ;BEKA - Haut de pyjama
aucun ;SUBLIME WE CARE CLASSIQUE - Soutien-gorge Ã  armatures
aucun ;TREELOGO - Casquette
aucun ;CORNELL - Sweat Ã  capuche
aucun ;CORNELL - Sweat Ã  capuche
aucun ;"""MARLIN - Veste dhiver"""
aucun ;Robe pull
aucun ;FLORIANE - Pantalon classique
aucun ;"""BABBA - Veste dhiver"""
aucun ;VEGA - Robe longue
aucun ;Jean slim
aucun ;STANHOPE - Montre
aucun ;T-SLI-G3 - T-shirt imprimé
aucun ;SET REGULAR FIT - Pyjama
aucun ;REGULAR FIT - Chemise de nuit / Nuisette
aucun ;Pochette
aucun ;Blouson Bomber
aucun ;REGULAR FIT - Sweatshirt
aucun ;REGULAR FIT - Sweat Ã  capuche
aucun ;Sweat polaire
aucun ;PEDRO - Jean slim
aucun ;Chemisier
aucun ;OVERSIZE FIT - Chemisier
aucun ;Robe longue
aucun ;Sweatshirt
aucun ;MAGIC BASKET MID TWIN UNISEX - Baskets montantes
aucun ;HOODIE TRIBE - Sweatshirt
aucun ;WILLOW - Sac Ã  main
aucun ;Ã‰tui Ã  clefs
aucun ;Sac bandoulière
aucun ;ANGELANEWTARTAN - Sac bandoulière
aucun ;MIT SAFFIANO-PRÃ„GUNG CHITI - Ceinture
aucun ;LOW CUT SHOE SPRINT - Chaussures fitness
aucun ;LOW CUT SHOE SPRINT - Chaussures fitness
aucun ;LOW CUT SHOE SPRINT - Chaussures fitness
aucun ;LOW CUT SHOE PEONY - Chaussures fitness
aucun ;2 PACK - Sweatshirt
aucun ;Jeans Skinny
aucun ;3 POMPONS JUS DE POMME - Bonnet
aucun ;BULO POINT JACKET OMNI-HEAT-INFINITY - Doudoune
aucun ;CROPPED - Veste en jean
aucun ;MILANO SLIM FIT - Chemise
aucun ;MORE FUN - Bas de bikini
aucun ;Cabas
aucun ;BOXY-FIT SHORT SLEEVE ONE PIECE - T-shirt imprimé
aucun ;BOXY FIT SHORT SLEEVE WITH CONTRAST THREAD - T-shirt imprimé
aucun ;MICKEY - PRINT - Sweat Ã  capuche
aucun ;Pullover
aucun ;RACEMASTER JACKET - Veste légère
aucun ;Débardeur
aucun ;BEKA UNISEX - Sandales
aucun ;Mallette
aucun ;LINA - Cache-oreilles
aucun ;LINA - Cache-oreilles
aucun ;LINA - Cache-oreilles
aucun ;LINA - Cache-oreilles
aucun ;Santiags
aucun ;DAVINJAA SOFT - Pullover
aucun ;LAARNI - Pullover
aucun ;ONE SHOULDER RUFFLE DRESS - Robe de soirée
aucun ;MALLEUM ANHÃ„NGER - Collier
aucun ;MALLEUM ANHÃ„NGER - Collier
aucun ;T-shirt imprimé
aucun ;STAR - Chaussures de running stables
aucun ;ADIBREAK - Pantalon de survÃªtement
aucun ;KAYANNIE - Sac Ã  main
aucun ;SNOWMASS - Bottines Ã  lacets
aucun ;ROXANNE ANKLE - Jeans Skinny
aucun ;Robe en jean
aucun ;ALPHA INDUSTRIES PADDED OVERSHIRT - Blouson Bomber
aucun ;ALPHA INDUSTRIES JACKET - Blouson Bomber
aucun ;Ã‰charpe
aucun ;MIT AUFDRUCK - Ã‰charpe
aucun ;MIT KRAGEN - Robe pull
aucun ;PERFECT BODY MIT REISSVERSCHLUSSTASCHEN - Pantalon classique
aucun ;MIT EINGRIFFTASCHEN - Pantalon de survÃªtement
aucun ;TROUBLE - Sweat Ã  capuche
aucun ;MST FOREST ROUND - Pullover
aucun ;MSW STEFANO - Pullover
aucun ;T-shirt imprimé
aucun ;TCHITA-FN - Manteau court
aucun ;Veste mi-saison
aucun ;"""Veste dhiver"""
aucun ;Sweat Ã  capuche
aucun ;CASUAL - Sweatshirt
aucun ;Veste en cuir
aucun ;CASUAL - Veste en cuir
aucun ;HIGH COLLAR - Veste en cuir
aucun ;CASUAL - Veste en cuir
aucun ;CASUAL - Blouson Bomber
aucun ;CASUAL - Veste en cuir
aucun ;Chemisier
aucun ;STRIPED - Robe fourreau
aucun ;CASUAL - Robe de jour
aucun ;SurvÃªtement
aucun ;MIT RUNDHALSAUSSCHNITT - SurvÃªtement
aucun ;"""BABBA - Veste dhiver"""
aucun ;"""TJCU REVERSIBLE CROPPED COACH - Veste dhiver"""
aucun ;1/2 ARM KURZARM - Polo
aucun ;2 PACK - Haut de pyjama
aucun ;3 POINT - Chaussures fitness
aucun ;3/4 ARM - T-shirt Ã  manches longues
aucun ;Ã€ CAPUCHE AVEC POCHES EN - FABIO - Sweat Ã  capuche
aucun ;AC DREAMBLEND - T-shirt Ã  manches longues
aucun ;AIRFLOW KURZÃ„RMLIGES - Chemise
aucun ;AIRTAG LOOP - Autres accessoires
aucun ;ALEX MINI DRESS SENORITA - Robe de soirée
aucun ;ALLOVER LOGO - Blouson
aucun ;AMONG US - T-shirt imprimé
aucun ;ANATOLE - Escarpins
aucun ;ANJA DRESS - Robe pull
aucun ;APPLE 12W USB POWER ADAPTER - Cable chargeur
aucun ;ASHBURN PUFFER - Veste mi-saison
aucun ;AYAS - Sweatshirt
aucun ;Baskets basses
aucun ;Baskets basses
aucun ;BAYRISE EQYFT04763 - Sweatshirt
aucun ;BEAU - Bikini
aucun ;BELLI - Haut de pyjama
aucun ;BETTER THAN EVER - Débardeur
aucun ;BIG LOGO HOOD - Sweat Ã  capuche
aucun ;BLACKHEAD EXTRACTOR TOOL - Accessoires soin du corps
aucun ;Blouse
aucun ;Blouson Bomber
aucun ;BLUNT POUR HOMME ELYKT - T-shirt Ã  manches longues
aucun ;BOOM BOOM CHECK IT - Sweat Ã  capuche
aucun ;BORMIO REGULAR - T-shirt imprimé
aucun ;Bottes de neige
aucun ;BOXY - T-shirt imprimé
aucun ;CALI - Short de bain
aucun ;CALL MY LAWYER ACT NOW UNISEX - T-shirt imprimé
aucun ;CAPTIVANTE - Soutien-gorge Ã  armatures
aucun ;CARDIGAN VANESSA - Gilet
aucun ;CASUAL - Chemise
aucun ;CASUAL - Sweatshirt
aucun ;CASUAL - Veste en cuir
aucun ;CHARLIZE - Escarpins Ã  plateforme
aucun ;CHECKED - Chemisier
aucun ;CHECKED - Débardeur
aucun ;Chemise
aucun ;Chemise
aucun ;Chemise
aucun ;Chemisier
aucun ;Chemisier
aucun ;Chemisier
aucun ;COL V EN - EVANN - Pullover
aucun ;COL V EN - Pullover
aucun ;COMBAT - Pantalon de survÃªtement
aucun ;Combinaison
aucun ;COMFORT BAARO - Sweatshirt
aucun ;CONTRAST FLORAL EMBROIDERED PUFF SLEEVE - Robe de cocktail
aucun ;CONTRAST RAGLAN - T-shirt Ã  manches longues
aucun ;CORNELL - Sweat Ã  capuche
aucun ;CORNELL - Sweatshirt
aucun ;CRAIL 3 0 - POUR ELYKT00120 - T-shirt basique
aucun ;CROPPED - Chemisier
aucun ;DAROS UNISEX - Sandales
aucun ;DEFEAT - Pullover
aucun ;DESIGNED FOR TRAINING - T-shirt basique
aucun ;DETANGLER PADDLE PRO - Accessoires cheveux
aucun ;DETANGLING COMB - Accessoires cheveux
aucun ;DOPPELPACK - Collants
aucun ;DOUBLE SIDE - Veste en cuir
aucun ;EAST WEST DRESS - Robe de jour
aucun ;ELOISA - Blazer
aucun ;ENERGEN - Chaussures de running neutres
aucun ;EVEREST FUNDUS - Mules
aucun ;EVERYDAY DELUXE VOLLEY - Short de bain
aucun ;EVERYDAY VOLLEY - Short de bain
aucun ;FIENNA - T-shirt Ã  manches longues
aucun ;FILLI V NECK GA NOOS - T-shirt basique
aucun ;FIREBIRD TP - Pantalon de survÃªtement
aucun ;FLEX DRY PRO - Accessoires cheveux
aucun ;FLORAL PRINT - Blouse
aucun ;FLORIANE - Pantalon classique
aucun ;GEL QUANTUM 90 GS - Baskets basses
aucun ;GENNIKB - Blouse
aucun ;GIGIKB - Pullover
aucun ;Gilet
aucun ;GLADYS - Bottines Ã  plateau
aucun ;GO GREEN CURLY DETANGLER - Accessoires cheveux
aucun ;HARD TIMES PHYSICAL THERAPY UNISEX - T-shirt imprimé
aucun ;HELSINKI - Doudoune
aucun ;HIGH COLLAR - Veste en cuir
aucun ;IDENTITY CLASSICS - T-shirt basique
aucun ;IDOLE - Soutien-gorge triangle
aucun ;J VANIETT - Sandales de randonnée
aucun ;JALMAR - Pullover
aucun ;JDYALICE SHIRT - Chemisier
aucun ;JDYBRILLIANT HOOD CARDIGAN - Gilet
aucun ;JDYRACHEL - Blouse
aucun ;Jean droit
aucun ;JJECORP LOGO SS PLAY NOOS JNR - T-shirt imprimé
aucun ;JJHILL HIGH NECK CARDIGAN - Gilet
aucun ;KARLO UNISEX - Sandales de randonnée
aucun ;KCHELLA - Robe de jour
aucun ;KCJALU BBB - Blouse
aucun ;KCMEDU - Blouse
aucun ;KCMITTO - Blouse
aucun ;K-ELESTO - Pullover
aucun ;K-LARAN - Pullover
aucun ;KYLA - Veste mi-saison
aucun ;LANGARM MIT STREIFEN-DESSIN - Pullover
aucun ;LAURYN - Santiags
aucun ;LOGO TRACK JACKET - Veste de survÃªtement
aucun ;LOGO TRACK PANTS - Pantalon de survÃªtement
aucun ;LORE N-STRAPS - Sandales
aucun ;LORE STRAPS - Sandales
aucun ;LOVE THE 360 - Haut de bikini
aucun ;LOW CUT SHOE JAUNT - Chaussures fitness
aucun ;LOW CUT SHOE REBOUND 2.0 UNISEX - Chaussures de basket
aucun ;LOW CUT SHOE SOFTY EVOLVE UNISEX - Chaussures fitness
aucun ;LUKA UNISEX - Baskets basses
aucun ;MAGLIA GIROCOLLO - Pullover
aucun ;MANCHES CHAUVE-SOURIS EN - BOXE - Pullover
aucun ;Manteau court
aucun ;MARLAN - Gilet
aucun ;MARLIN 12 - Santiags
aucun ;MARY F - Ballerines
aucun ;MATISSE - Manteau classique
aucun ;MENS - Pullover
aucun ;MET RUITDESSIN - Veste polaire
aucun ;MID CUT SHOE REBOUND 2.0 MID - Chaussures de basket
aucun ;MILAN - Pantalon de survÃªtement
aucun ;MINI DETANGLER PRO - Accessoires cheveux
aucun ;MIT 3/4 ARM - T-shirt Ã  manches longues
aucun ;MIT BLOCKSTREIFEN - Gilet
aucun ;MIT PERLENBAND - Robe de soirée
aucun ;MIT PRINT - Pullover
aucun ;MIT RUNDHALSAUSSCHNITT - SurvÃªtement
aucun ;MIT SCHRIFTZUG CALDERON - Sweat Ã  capuche
aucun ;MIT V AUSSCHNITT - Pullover
aucun ;MIX TEXTURE - Pullover
aucun ;MONIQ - Robe fourreau
aucun ;MORE FUN - Bas de bikini
aucun ;NATURALLY ACTIVE - Sweatshirt
aucun ;NBMTOBBIE LS BOX - T-shirt Ã  manches longues
aucun ;NMFRAFA LS BOX - T-shirt Ã  manches longues
aucun ;NOTCH STRIPE FLUTE - Pullover
aucun ;ONLEMILY DRESS - Robe de jour
aucun ;ORIGINAL - T-shirt basique
aucun ;ORIGINAL DETANGLER - Accessoires cheveux
aucun ;OVERSIZE CONTRAST THREAD-01857127 - Sweat Ã  capuche
aucun ;OVERSIZED FLORAL ARTWORK - Sweat Ã  capuche
aucun ;PAIX - Chaussures premiers pas
aucun ;PAIX UNISEX - Chaussures Ã  scratch
aucun ;PALPITI - Jean bootcut
aucun ;Pantalon classique
aucun ;Pantalon classique
aucun ;PCRUKA - T-shirt Ã  manches longues
aucun ;PEDRO - Jean slim
aucun ;PERFECT BODY MIT REISSVERSCHLUSSTASCHEN - Pantalon classique
aucun ;PMHANNE - Jeans Skinny
aucun ;POLICY - Baskets basses
aucun ;Polo
aucun ;PREMIUM EMBROIDERED AND EMBELLISHED MAXI DRESS - Robe de cocktail
aucun ;PRINT - Legging
aucun ;PROMOTER - Baskets montantes
aucun ;Pullover
aucun ;Pullover
aucun ;PZOPFMUSTER OVERSIZED STEHKRAGEN Ã„RMELLOS - T-shirt imprimé
aucun ;REBOUND 2.0 - Chaussures fitness
aucun ;REGULAR FIT MET DESSIN - Chemise
aucun ;RETRO FADE - Sweat Ã  capuche
aucun ;Robe pull
aucun ;ROSARIO VEGAN - Baskets basses
aucun ;ROUND NECK - Pullover
aucun ;SANS MANCHES SKIN - Veste sans manches
aucun ;SHEARLING CHORE - Veste en cuir
aucun ;SILVESTER PARTY HAPPY PEOPLE ONLY - T-shirt imprimé
aucun ;SLASH-NECK RUCHED MIDI DRESS - Robe longue
aucun ;SLFMONIKA HIGH NECK - T-shirt Ã  manches longues
aucun ;SLFSALLI OVERSIZE - Chemisier
aucun ;Slip
aucun ;SOLID STREAK SURF LONGSLEEVE MIT UPF 50 - T-shirt Ã  manches longues
aucun ;STAR - Chaussures de running stables
aucun ;STEFANI - TWEED - Robe de jour
aucun ;STEFY - Mocassins
aucun ;STRAMPLER LANGARM - Body
aucun ;STRETCH MIT ZIERNAHT - Legging
aucun ;SUBLIME WE CARE CLASSIQUE - Soutien-gorge Ã  armatures
aucun ;SurvÃªtement
aucun ;Sweat Ã  capuche
aucun ;Sweat Ã  capuche zippé
aucun ;Sweatshirt
aucun ;Sweatshirt
aucun ;Sweatshirt
aucun ;TANK - Débardeur
aucun ;TAPE OVERHEAD HOOD - T-shirt Ã  manches longues
aucun ;THE FASHION SET - Costume
aucun ;T-MODELL - Chaussons
aucun ;TOPAZ C3 - Baskets basses
aucun ;TORO PRO GTX LO WS - Chaussures de marche
aucun ;T-shirt Ã  manches longues
aucun ;T-shirt Ã  manches longues
aucun ;T-shirt Ã  manches longues
aucun ;T-shirt Ã  manches longues
aucun ;T-shirt imprimé
aucun ;T-shirt imprimé
aucun ;TWITCH RUNNER - Chaussures de running
aucun ;ULTRA FLEX SLEEVE - Protège-tibias
aucun ;UNISEX - T-shirt imprimé
aucun ;VALLEY - Sweat Ã  capuche
aucun ;VEGA - Robe longue
aucun ;VENT MAX - Veste de survÃªtement
aucun ;Veste légère
aucun ;Veste mi-saison
aucun ;Veste mi-saison
aucun ;Veste sans manches
aucun ;VINTAGE MERCH STORE - Sweat Ã  capuche
aucun ;VMBUMPY SHIRT NEW - Chemisier
aucun ;VMJULIANA BOOT - Bottines Ã  plateau
aucun ;VMLIANNA SHORT SKIRT - Minijupe
aucun ;VMPEPPER ANEA V NECK - Blouse
aucun ;VMPEPPER AYA WRAP - Blouse
aucun ;VMSABA O NECK STRIPE - Pullover
aucun ;WILD FLOWERS DAD TEE - T-shirt imprimé
aucun ;WOMAN JACKET FIX HOOD - Veste imperméable
aucun ;YASATHENA STRAP - Débardeur
aucun ;YASJELLA PANT - Pantalon classique
aucun ;YASRINGO - Pantalon classique
