 Zalando; PROMOTER - Baskets montantes
 Zalando; VIVIDLY - Escarpins
 DeFacto; Chemisier
 Zalando; ONSIASON SLIM TEE - T-shirt imprimé
 Oneill; BAAY MAOI - Bikini
 Zalando; JDYBRILLIANT HOOD CARDIGAN - Gilet
 DeFacto; REGULAR FIT - Parka
 BESTSELLER; FILLI V NECK GA NOOS - T-shirt basique
 Zalando; T-shirt Ã  manches longues
 Vans; DEANA - Sac de randonnée
 Vans; LEFT CHEST LOGO TEE - T-shirt basique
 Steve Madden; BVITAL - Sac bandoulière
 Zalando; CHARLIZE - Escarpins Ã  plateforme
 Zalando; VALA - Escarpins
 Zalando; ICE - T-shirt basique
 Zalando; MID CUT SHOE REBOUND 2.0 - Chaussures de basket
 Quiksilver; EVERYDAY VOLLEY - Short de bain
 Zalando; T-shirt Ã  manches longues
 Zalando; Sweat Ã  capuche zippé
 Zalando; 3 POINT - Chaussures fitness
 Zalando; CHALLENGER UNISEX - Short de sport
 modeherz; VIKKY - Cabas
 Vans; OLD SKOOL - Sac Ã  dos
 PUMA; GRAVITON AC UNISEX - Baskets basses
 Zalando; CLUB HOODIE - Sweat Ã  capuche
 Oneill; CALI - Short de bain
 Zalando; LOW CUT SHOE REBOUND 2.0 UNISEX - Chaussures de basket
 Zalando; LOW CUT SHOE JOLT - Chaussures de course
 Zalando; RENEW IN SEASON TR 12 - Chaussures fitness
 WE Fashion; Polo
 Victoria Hyde; UHR PRAGUE - Montre
 Zalando; PRINTED DUNE SKY TANKLETTE - Débardeur
 Superdry; STUDIOS - Débardeur
 Misako; LAMITA - Sac bandoulière
 Guess; ALLOVER LOGO - Blouson
 Zalando; LOW CUT SHOE REBOUND 2.0 UNISEX - Chaussures de basket
 Brand Trotter; Sweat Ã  capuche
 ProFashion GmbH; Jean flare
 ProFashion GmbH; LONG STYLE - Gilet
 ProFashion GmbH; STRETCH MIT ZIERNAHT - Legging
 Zalando; YASLIZZIE STRAIGHT PANT - Pantalon classique
 Zalando; YASRINGO HIGH WAIST FLARED PANT CELEB - Pantalon classique
 Zalando; YASLIZZIE BUSTIER CELEB - Débardeur
 Zalando; PALPITI - Jean bootcut
 Ellos Group;" ""BABBA - Veste dhiver"""
 engelhorn;" ""TJCU REVERSIBLE CROPPED COACH - Veste dhiver"""
 Gerry Weber Retail GmbH; 1/2 ARM KURZARM - Polo
 Zalando; 2 PACK - Haut de pyjama
 Zalando; 3 POINT - Chaussures fitness
 Gerry Weber Retail GmbH; 3/4 ARM - T-shirt Ã  manches longues
 MAISON MONTAGUT; Ã€ CAPUCHE AVEC POCHES EN - FABIO - Sweat Ã  capuche
 Reebok; AC DREAMBLEND - T-shirt Ã  manches longues
 Quiksilver; AIRFLOW KURZÃ„RMLIGES - Chemise
 Zalando; AIRTAG LOOP - Autres accessoires
 Zalando; ALEX MINI DRESS SENORITA - Robe de soirée
 Guess; ALLOVER LOGO - Blouson
 BESTSELLER; AMONG US - T-shirt imprimé
 Claudie Pierlot; ANATOLE - Escarpins
 Zalando; ANJA DRESS - Robe pull
 Zalando; APPLE 12W USB POWER ADAPTER - Cable chargeur
 Stylefile; ASHBURN PUFFER - Veste mi-saison
 Zalando; AYAS - Sweatshirt
 surf4shoes; Baskets basses
 Zalando; Baskets basses
 Quiksilver; BAYRISE EQYFT04763 - Sweatshirt
 SHIWI; BEAU - Bikini
 Etam Paris; BELLI - Haut de pyjama
 Roxy; BETTER THAN EVER - Débardeur
 Quiksilver; BIG LOGO HOOD - Sweat Ã  capuche
 Zalando; BLACKHEAD EXTRACTOR TOOL - Accessoires soin du corps
 Zalando; Blouse
 Brand Trotter; Blouson Bomber
 Element; BLUNT POUR HOMME ELYKT - T-shirt Ã  manches longues
 Vans; BOOM BOOM CHECK IT - Sweat Ã  capuche
 FILA; BORMIO REGULAR - T-shirt imprimé
 Place du Marais; Bottes de neige
 Bershka; BOXY - T-shirt imprimé
 Oneill; CALI - Short de bain
 Zalando; CALL MY LAWYER ACT NOW UNISEX - T-shirt imprimé
 Etam Paris; CAPTIVANTE - Soutien-gorge Ã  armatures
 Zalando; CARDIGAN VANESSA - Gilet
 Brand Trotter; CASUAL - Chemise
 Brand Trotter; CASUAL - Sweatshirt
 Brand Trotter; CASUAL - Veste en cuir
 Zalando; CHARLIZE - Escarpins Ã  plateforme
 Brand Trotter; CHECKED - Chemisier
 Brand Trotter; CHECKED - Débardeur
 America Today; Chemise
 DeFacto; Chemise
 Desigual; Chemise
 Desigual; Chemisier
 Brand Trotter; Chemisier
 DeFacto; Chemisier
 MAISON MONTAGUT; COL V EN - EVANN - Pullover
 MAISON MONTAGUT; COL V EN - Pullover
 Minoti PL; COMBAT - Pantalon de survÃªtement
 Zalando; Combinaison
 ARMEDANGELS; COMFORT BAARO - Sweatshirt
 Zalando; CONTRAST FLORAL EMBROIDERED PUFF SLEEVE - Robe de cocktail
 Zalando; CONTRAST RAGLAN - T-shirt Ã  manches longues
 Element; CORNELL - Sweat Ã  capuche
 Element; CORNELL - Sweatshirt
 Element; CRAIL 3 0 - POUR ELYKT00120 - T-shirt basique
 Scotch & Soda; CROPPED - Chemisier
 Zalando; DAROS UNISEX - Sandales
 engelhorn; DEFEAT - Pullover
 Outfitter; DESIGNED FOR TRAINING - T-shirt basique
 Zalando; DETANGLER PADDLE PRO - Accessoires cheveux
 Zalando; DETANGLING COMB - Accessoires cheveux
 heyconnect; DOPPELPACK - Collants
 Brand Trotter; DOUBLE SIDE - Veste en cuir
 Zalando; EAST WEST DRESS - Robe de jour
 Zalando; ELOISA - Blazer
 Reebok; ENERGEN - Chaussures de running neutres
 #supportthestores; EVEREST FUNDUS - Mules
 Quiksilver; EVERYDAY DELUXE VOLLEY - Short de bain
 Quiksilver; EVERYDAY VOLLEY - Short de bain
 Minimum; FIENNA - T-shirt Ã  manches longues
 Zalando; FILLI V NECK GA NOOS - T-shirt basique
 adidas; FIREBIRD TP - Pantalon de survÃªtement
 Zalando; FLEX DRY PRO - Accessoires cheveux
 Popken; FLORAL PRINT - Blouse
 P4 Markets; FLORIANE - Pantalon classique
 Zalando; GEL QUANTUM 90 GS - Baskets basses
 DK company; GENNIKB - Blouse
 DK company; GIGIKB - Pullover
 C&A Mode GmbH & Co. KG; Gilet
 Zalando; GLADYS - Bottines Ã  plateau
 Zalando; GO GREEN CURLY DETANGLER - Accessoires cheveux
 Zalando; HARD TIMES PHYSICAL THERAPY UNISEX - T-shirt imprimé
 WAXX STORE; HELSINKI - Doudoune
 Brand Trotter; HIGH COLLAR - Veste en cuir
 Reebok; IDENTITY CLASSICS - T-shirt basique
 Etam Paris; IDOLE - Soutien-gorge triangle
 #supportthestores; J VANIETT - Sandales de randonnée
 Minimum; JALMAR - Pullover
 Zalando; JDYALICE SHIRT - Chemisier
 Zalando; JDYBRILLIANT HOOD CARDIGAN - Gilet
 Zalando; JDYRACHEL - Blouse
 Diesel; Jean droit
 BESTSELLER; JJECORP LOGO SS PLAY NOOS JNR - T-shirt imprimé
 Zalando; JJHILL HIGH NECK CARDIGAN - Gilet
 Zalando; KARLO UNISEX - Sandales de randonnée
 DK company; KCHELLA - Robe de jour
 DK company; KCJALU BBB - Blouse
 DK company; KCMEDU - Blouse
 DK company; KCMITTO - Blouse
 Diesel; K-ELESTO - Pullover
 Diesel; K-LARAN - Pullover
 Zalando; KYLA - Veste mi-saison
 Gerry Weber Retail GmbH; LANGARM MIT STREIFEN-DESSIN - Pullover
 Zalando; LAURYN - Santiags
 Zalando; LOGO TRACK JACKET - Veste de survÃªtement
 Zalando; LOGO TRACK PANTS - Pantalon de survÃªtement
 Zalando; LORE N-STRAPS - Sandales
 Zalando; LORE STRAPS - Sandales
 Roxy; LOVE THE 360 - Haut de bikini
 Zalando; LOW CUT SHOE JAUNT - Chaussures fitness
 Zalando; LOW CUT SHOE REBOUND 2.0 UNISEX - Chaussures de basket
 Zalando; LOW CUT SHOE SOFTY EVOLVE UNISEX - Chaussures fitness
 Zalando; LUKA UNISEX - Baskets basses
 Zalando; MAGLIA GIROCOLLO - Pullover
 MAISON MONTAGUT; MANCHES CHAUVE-SOURIS EN - BOXE - Pullover
 Brand Trotter; Manteau court
 engelhorn; MARLAN - Gilet
 Melvin and Hamilton; MARLIN 12 - Santiags
 Zalando; MARY F - Ballerines
 ABA LABELS; MATISSE - Manteau classique
 Zalando; MENS - Pullover
 WE Fashion; MET RUITDESSIN - Veste polaire
 Zalando; MID CUT SHOE REBOUND 2.0 MID - Chaussures de basket
 PUMA; MILAN - Pantalon de survÃªtement
 Zalando; MINI DETANGLER PRO - Accessoires cheveux
 ProFashion GmbH; MIT 3/4 ARM - T-shirt Ã  manches longues
 Gerry Weber Retail GmbH; MIT BLOCKSTREIFEN - Gilet
 Happy Girls; MIT PERLENBAND - Robe de soirée
 ProFashion GmbH; MIT PRINT - Pullover
 Brand Trotter; MIT RUNDHALSAUSSCHNITT - SurvÃªtement
 CARLO COLUCCI; MIT SCHRIFTZUG CALDERON - Sweat Ã  capuche
 Brand Trotter; MIT V AUSSCHNITT - Pullover
 Zalando; MIX TEXTURE - Pullover
 ABA LABELS; MONIQ - Robe fourreau
 Billabong; MORE FUN - Bas de bikini
 Roxy; NATURALLY ACTIVE - Sweatshirt
 BESTSELLER; NBMTOBBIE LS BOX - T-shirt Ã  manches longues
 BESTSELLER; NMFRAFA LS BOX - T-shirt Ã  manches longues
 Zalando; NOTCH STRIPE FLUTE - Pullover
 Zalando; ONLEMILY DRESS - Robe de jour
 Zalando; ORIGINAL - T-shirt basique
 Zalando; ORIGINAL DETANGLER - Accessoires cheveux
 Bershka; OVERSIZE CONTRAST THREAD-01857127 - Sweat Ã  capuche
 Scotch & Soda; OVERSIZED FLORAL ARTWORK - Sweat Ã  capuche
 Zalando; PAIX - Chaussures premiers pas
 Zalando; PAIX UNISEX - Chaussures Ã  scratch
 Zalando; PALPITI - Jean bootcut
 Brand Trotter; Pantalon classique
 ABA LABELS; Pantalon classique
 Zalando; PCRUKA - T-shirt Ã  manches longues
 DeFacto; PEDRO - Jean slim
 ProFashion GmbH; PERFECT BODY MIT REISSVERSCHLUSSTASCHEN - Pantalon classique
 Zalando; PMHANNE - Jeans Skinny
 #supportthestores; POLICY - Baskets basses
 River Island; Polo
 Zalando; PREMIUM EMBROIDERED AND EMBELLISHED MAXI DRESS - Robe de cocktail
 BESTSELLER; PRINT - Legging
 Zalando; PROMOTER - Baskets montantes
 WE Fashion; Pullover
 Zalando; Pullover
 Popken; PZOPFMUSTER OVERSIZED STEHKRAGEN Ã„RMELLOS - T-shirt imprimé
 Zalando; REBOUND 2.0 - Chaussures fitness
 WE Fashion; REGULAR FIT MET DESSIN - Chemise
 Quiksilver; RETRO FADE - Sweat Ã  capuche
 P4 Markets; Robe pull
 Zalando; ROSARIO VEGAN - Baskets basses
 Bershka; ROUND NECK - Pullover
 Brand; SANS MANCHES SKIN - Veste sans manches
 Superdry; SHEARLING CHORE - Veste en cuir
 GoJungo; SILVESTER PARTY HAPPY PEOPLE ONLY - T-shirt imprimé
 Zalando; SLASH-NECK RUCHED MIDI DRESS - Robe longue
 Zalando; SLFMONIKA HIGH NECK - T-shirt Ã  manches longues
 Zalando; SLFSALLI OVERSIZE - Chemisier
 Etam Paris; Slip
 Quiksilver; SOLID STREAK SURF LONGSLEEVE MIT UPF 50 - T-shirt Ã  manches longues
 adidas; STAR - Chaussures de running stables
" ""Maniita Lacitta"""; STEFANI - TWEED - Robe de jour
 Melvin and Hamilton; STEFY - Mocassins
 BESTSELLER; STRAMPLER LANGARM - Body
 ProFashion GmbH; STRETCH MIT ZIERNAHT - Legging
 Etam Paris; SUBLIME WE CARE CLASSIQUE - Soutien-gorge Ã  armatures
 Brand Trotter; SurvÃªtement
 Brand Trotter; Sweat Ã  capuche
 Zalando; Sweat Ã  capuche zippé
 Element; Sweatshirt
 ProFashion GmbH; Sweatshirt
 River Island; Sweatshirt
 Reebok; TANK - Débardeur
 Zalando; TAPE OVERHEAD HOOD - T-shirt Ã  manches longues
 Zalando; THE FASHION SET - Costume
 surf4shoes; T-MODELL - Chaussons
 Element; TOPAZ C3 - Baskets basses
 Zalando; TORO PRO GTX LO WS - Chaussures de marche
 Zalando; T-shirt Ã  manches longues
 Zalando; T-shirt Ã  manches longues
 ProFashion GmbH; T-shirt Ã  manches longues
 DANISH ENDURANCE; T-shirt Ã  manches longues
 Zalando; T-shirt imprimé
 KEY LARGO; T-shirt imprimé
 Zalando; TWITCH RUNNER - Chaussures de running
 PUMA; ULTRA FLEX SLEEVE - Protège-tibias
 Zalando; UNISEX - T-shirt imprimé
 KEY LARGO; VALLEY - Sweat Ã  capuche
 Ellos Group; VEGA - Robe longue
 Zalando; VENT MAX - Veste de survÃªtement
 Brand Trotter; Veste légère
 Zalando; Veste mi-saison
 FILA; Veste mi-saison
 Stylefile; Veste sans manches
 Superdry; VINTAGE MERCH STORE - Sweat Ã  capuche
 Zalando; VMBUMPY SHIRT NEW - Chemisier
 Zalando; VMJULIANA BOOT - Bottines Ã  plateau
 Zalando; VMLIANNA SHORT SKIRT - Minijupe
 Zalando; VMPEPPER ANEA V NECK - Blouse
 Zalando; VMPEPPER AYA WRAP - Blouse
 Zalando; VMSABA O NECK STRIPE - Pullover
 Zalando; WILD FLOWERS DAD TEE - T-shirt imprimé
 Zalando; WOMAN JACKET FIX HOOD - Veste imperméable
 Zalando; YASATHENA STRAP - Débardeur
 Zalando; YASJELLA PANT - Pantalon classique
 Zalando; YASRINGO - Pantalon classique
 WE Fashion; MET RUITDESSIN - Veste polaire
 WE Fashion; REGULAR FIT - Pantalon classique
 WAXX STORE; SANS MANCHES SKIN - Veste sans manches
 Zalando; VMSABA O NECK STRIPE - Pullover
 Zalando; VMPEPPER ANEA V NECK - Blouse
 Zalando; VMAVA PLAIN TOP - T-shirt basique
 BESTSELLER; GESTREIFTES - T-shirt Ã  manches longues
 Zalando; VMRIE OLI WIDE PANTS - Pantalon classique
 Purple Store La Rochelle; ORIGINALE APIL - Casquette
 Purple Store La Rochelle; TRUCKER TATOO - Casquette
 Ferry Jeans Store Paris; Casquette
 Vans; DX SKATEPACK - Sac Ã  dos
 Vans; BOXED LOGO FORAL SS TEE - T-shirt imprimé
 Vans; UA OLD SKOOL - Baskets basses
 Popken; PIPINGS UNTERBRUSTBAND VORDER - Maillot de bain
 Popken; Maillot de bain
 Popken; HERZMUSTER A-LINIE STEHKRAGEN LANGARM - Sweatshirt
 Popken; PZOPFMUSTER OVERSIZED STEHKRAGEN Ã„RMELLOS - T-shirt imprimé
 Headwear TuTu; ALICE - Autres accessoires
 Headwear TuTu; ALICE - Autres accessoires
 Headwear TuTu; ALICE - Autres accessoires
 Headwear TuTu; FRED - Ã‰charpe tube
 Headwear TuTu; FRED - Ã‰charpe tube
 Headwear TuTu; ALICIA - Ã‰charpe tube
 Headwear TuTu; DARREN - Bonnet
 Headwear TuTu; ED - Foulard Ã  cheveux
 Headwear TuTu; ED - Foulard Ã  cheveux
 Zalando; UNISEX - Chaussures bateau
 Zalando;" ""HELIOS - Veste dhiver"""
 TREBIUS VALENS; SIGNATURE IMPERIALE - T-shirt basique
 Superdry; VINTAGE MERCH STORE - Sweat Ã  capuche
 Superdry; PARACHUTE GRIP - Pantalon cargo
 Stradivarius;" ""PACK OF - Boucles doreilles"""
 Stradivarius; MIT CUT-OUTS UND ABGETRENNTEN Ã„RMELN - Pullover
 Gerry Weber Retail GmbH; POCKET SANDY - Jean slim
 #supportthestores; Escarpins
 #supportthestores; Escarpins
 Zalando; WOVEN DRESS - Robe en jean
 Zalando; APPLIQUE LOGO - T-shirt imprimé
 Zalando; APPLIQUE LOGO - T-shirt imprimé
 TMC; Pullover
 Christelle N. Store Vaunaveys-la-Rochette; MORGANE - Blouse
 Zalando; SLFSALLI OVERSIZE - Chemisier
 Zalando; SLFELKE FLORENTA 3/4 DRESS - Robe longue
 Zalando; LAETIZIA - Sac Ã  main
 Scotch & Soda; OVERSIZED FLORAL ARTWORK - Sweat Ã  capuche
 SHIWI; BEAU - Bikini
 Popken; ELASTISCHE TAILLE LANGARM - Robe en jean
 Roxy; BEACH CLASSICS HIPSTERBASIC - Bas de bikini
 Roxy; LIGHTS OUT B - Sweatshirt
 River Island; RI MONOGRAM BUNDLE - Portefeuille
 River Island; Chemise
 River Island; Robe de jour
 P4 Markets; COLLEGE SLIP OVER - T-shirt imprimé
 Reebok; IDENTITY STACKED LOGO - Sweat Ã  capuche
 Reebok; NEW BIG LOGO - Brassières de sport Ã  maintien léger
 Reebok; Pantalon de survÃªtement
 Reebok; IDENTITY - Short de sport
 Reebok; BRAND PROUD - Sweat Ã  capuche
 Reebok; ROYAL COMPLETE CLN 2 - Baskets basses
 Shopping Factory; BEN - Moufles
 schulz outdoor outlet GmbH; REGATTA PIMLO WALKING - Sweat polaire
 Zalando; NOTCH STRIPE FLUTE - Pullover
 Zalando; TIE FRONT SHIRT - Chemisier
 Zalando; CONTRAST RAGLAN - T-shirt Ã  manches longues
 Zalando; WILD FLOWERS DAD TEE - T-shirt imprimé
 Quiksilver; SNACKEY GARDIAN - Sweatshirt
 Quiksilver; BAYRISE EQYFT04763 - Sweatshirt
 Quiksilver; CARVER CORE - Tongs
 PUMA; MIRAGE - Chaussures premiers pas
 PUMA; SMASH BUCK - Baskets basses
 Zalando; ART - T-shirt imprimé
 Zalando; CREW - Sweatshirt
 Zalando; PCRUKA - T-shirt Ã  manches longues
 Paul Costelloe; MALEWA - Sac bandoulière
 Paul Costelloe; NIEVA - Sac Ã  main
 Zalando; ONSLAW STRUCTURE PANT - Pantalon classique
 Zalando; Chemise
 Zalando; Chemise
 Zalando; CARIBI O NECK - Gilet
 #supportthestores; RICHARD - Chemise
 No Name; Bottines Ã  plateau
 New Look Germany (GmbH); CHECK HIGH WAIST - Legging
 Zalando; LOGO STRAIGHT PANT - Pantalon de survÃªtement
 Shopping Factory; HORLOGES - Montre Ã  affichage digital
 BESTSELLER; STRAMPLER LANGARM - Body
 BESTSELLER; STRAMPLER LANGARM - Body
 BESTSELLER; STRAMPLER LANGARM - Body
 BESTSELLER; NBMTOBBIE LS BOX - T-shirt Ã  manches longues
 BESTSELLER; AMONG US - T-shirt imprimé
 Zalando; TEE YOGA - T-shirt Ã  manches longues
 MAISON MONTAGUT; AVEC LOGO EN - Gilet
 MAISON MONTAGUT; AVEC LOGO - Pullover
 MAISON MONTAGUT; Ã€ CAPUCHE AVEC POCHES EN - FABIO - Sweat Ã  capuche
 MAISON MONTAGUT; COL V EN - EVANN - Pullover
 MAISON MONTAGUT; COL V EN - Pullover
 MAISON MONTAGUT; COL V EN - Pullover
 MAISON MONTAGUT; MANCHES CHAUVE-SOURIS EN - BOXE - Pullover
 engelhorn; ALGHERO - Pullover
 MS Mode; Pullover
" ""Maniita Lacitta"""; STEFANI - TWEED - Robe de jour
 Minimum; FIENNA - T-shirt Ã  manches longues
 Minimum; FIENNA - T-shirt Ã  manches longues
 TheWan Store Paris; ROEL PORTABLE - Ã‰tui Ã  portable
 TheWan Store Paris; ROEL PORTABLE - Ã‰tui Ã  portable
 Zalando;" ""JACKET STAND UP COLLAR DRAWSTRING HEM - Veste dhiver"""
 mamino; MIT V-AUSSCHNITT - Pullover
 mamino; MIT V-AUSSCHNITT - Pullover
 mamino; MIT U-BOOT-AUSSCHNITT - Pullover
 Zalando; Veste mi-saison
 Massimo Dutti; PLAIN - Cravate
 Massimo Dutti; PLAIN - Cravate
 Massimo Dutti; Cravate
 Massimo Dutti; Ã‰charpe
 Massimo Dutti; CREPE - Ã‰charpe
 Massimo Dutti; T-shirt basique
 Massimo Dutti; WITH CENTRAL SEAM 05043702 - Pantalon classique
 Zalando; FLORAL EMBELLISHED CAMI MAXI DRESS - Robe de cocktail
 TOM & CHLOE Store Tours; Combinaison de ski
 #supportthestores; ELENA - Blouse
" ""LExclusive"""; SAISON UNISEX - T-shirt imprimé
 heyconnect; DOPPELPACK - Collants
 Zalando; MONOGRAM LARGE ANDIE DRAWSTRING - Sac Ã  main
 Zalando; HAT - Chapeau
 Zalando; RIO - Haut de bikini
 Zalando; CARDIGAN VANESSA - Gilet
 Zalando; CARDIGAN VANESSA - Gilet
 Zalando; ELOISA - Blazer
 Zalando; HINGED BANGLE - Bracelet
 DK company; GENNIKB - Blouse
 DK company; KCHELLA - Robe de jour
 Karl Lagerfeld; MONOGRAM ALL-OVER - Collier
 Zalando; DAZZLE CHOKER - Collier
 Kazar; HANSEL - Bottines
 Zalando; JDYALICE SHIRT - Chemisier
 Ecom Brands; JONA MEDIUM STYLISC - Sac Ã  dos
 Ecom Brands; JONA MEDIUM STYLISC - Sac Ã  dos
 Zalando; COSMA PURSE - Portefeuille
 BESTSELLER; JJECORP LOGO SS PLAY NOOS JNR - T-shirt imprimé
 Zalando; JORBECKS CREW NECK - Sweatshirt
 Zalando; JJHILL HIGH NECK CARDIGAN - Gilet
 Zalando; BLOUSON SLEEVE BUSTIER RUCHED DETAIL MINI DRESS - Robe de soirée
 #supportthestores; EVEREST FUNDUS - Mules
 Gerry Weber Retail GmbH; Pullover
 Mueller and Meirer Retail GmbH Co.KG; BE DIFFERENT - Portefeuille
 Gerry Weber Retail GmbH;" ""Veste dhiver"""
 Gerry Weber Retail GmbH; 1/2 ARM KURZARM - Polo
 Guess; Ceinture
 modeherz; MAILA - Sac Ã  main
 Guess; Sac Ã  main
 Guess; MIT KAPUZE - Parka
 Guess; MIT ALLOVER-PRINT - Robe de jour
 Guess; SEITLICHES BLUMEN-LOGO - Pantalon de survÃªtement
 Zalando; ANJA DRESS - Robe pull
 Zalando; GRY BLOUSE - Blouse
 #supportthestores; J VANIETT - Sandales de randonnée
 Zalando; T-shirt basique
 Zalando; SLUB SCOOP TEE - T-shirt Ã  manches longues
 Furla; FURLA OPPORTUNITY L - Cabas
 Zalando; SLEEVE LOGO LONG SLEEVE - Pullover
 Zalando; CANEDO STRIPE - T-shirt imprimé
 Zalando; BAREFOOT UNISEX - Chaussures Ã  scratch
 Zalando; ROSARIO VEGAN UNISEX - Baskets basses
 Zalando; MARY F - Ballerines
 Etam Paris; Slip
 Etam Paris; BELLI - Haut de pyjama
 Etam Paris; BEKA - Haut de pyjama
 Etam Paris; SUBLIME WE CARE CLASSIQUE - Soutien-gorge Ã  armatures
 Element; TREELOGO - Casquette
 Element; CORNELL - Sweat Ã  capuche
 Element; CORNELL - Sweat Ã  capuche
 P4 Markets;" ""MARLIN - Veste dhiver"""
 P4 Markets; Robe pull
 P4 Markets; FLORIANE - Pantalon classique
 Ellos Group;" ""BABBA - Veste dhiver"""
 Ellos Group; VEGA - Robe longue
 Zalando; Jean slim
 Zalando; STANHOPE - Montre
 Diesel; T-SLI-G3 - T-shirt imprimé
 DeFacto; SET REGULAR FIT - Pyjama
 DeFacto; REGULAR FIT - Chemise de nuit / Nuisette
 DeFacto; Pochette
 DeFacto; Blouson Bomber
 DeFacto; REGULAR FIT - Sweatshirt
 DeFacto; REGULAR FIT - Sweat Ã  capuche
 DeFacto; Sweat polaire
 DeFacto; PEDRO - Jean slim
 DeFacto; Chemisier
 DeFacto; OVERSIZE FIT - Chemisier
 DeFacto; Robe longue
 Desigual; Sweatshirt
 Zalando; MAGIC BASKET MID TWIN UNISEX - Baskets montantes
 CHASIN; HOODIE TRIBE - Sweatshirt
 KOFFER.COM; WILLOW - Sac Ã  main
 KOFFER.COM; Ã‰tui Ã  clefs
 modeherz; Sac bandoulière
 Claudie Pierlot; ANGELANEWTARTAN - Sac bandoulière
 CARLO COLUCCI; MIT SAFFIANO-PRÃ„GUNG CHITI - Ceinture
 Zalando; LOW CUT SHOE SPRINT - Chaussures fitness
 Zalando; LOW CUT SHOE SPRINT - Chaussures fitness
 Zalando; LOW CUT SHOE SPRINT - Chaussures fitness
 Zalando; LOW CUT SHOE PEONY - Chaussures fitness
 C&A Mode GmbH & Co. KG; 2 PACK - Sweatshirt
 C&A Mode GmbH & Co. KG; Jeans Skinny
 LOL SHOES Store Marseille; 3 POMPONS JUS DE POMME - Bonnet
 Stylefile; BULO POINT JACKET OMNI-HEAT-INFINITY - Doudoune
 Stylefile; CROPPED - Veste en jean
 Brooks Brothers; MILANO SLIM FIT - Chemise
 Billabong; MORE FUN - Bas de bikini
 Bershka; Cabas
 Bershka; BOXY-FIT SHORT SLEEVE ONE PIECE - T-shirt imprimé
 Bershka; BOXY FIT SHORT SLEEVE WITH CONTRAST THREAD - T-shirt imprimé
 Bershka; MICKEY - PRINT - Sweat Ã  capuche
 Bershka; Pullover
 Zalando; RACEMASTER JACKET - Veste légère
 Zalando; Débardeur
 Zalando; BEKA UNISEX - Sandales
 modeherz; Mallette
 TheWan Store Paris; LINA - Cache-oreilles
 TheWan Store Paris; LINA - Cache-oreilles
 TheWan Store Paris; LINA - Cache-oreilles
 TheWan Store Paris; LINA - Cache-oreilles
 BIMBA Y LOLA; Santiags
 ARMEDANGELS; DAVINJAA SOFT - Pullover
 ARMEDANGELS; LAARNI - Pullover
 Zalando; ONE SHOULDER RUFFLE DRESS - Robe de soirée
 Blackskies; MALLEUM ANHÃ„NGER - Collier
 Blackskies; MALLEUM ANHÃ„NGER - Collier
 Zalando; T-shirt imprimé
 adidas; STAR - Chaussures de running stables
 adidas; ADIBREAK - Pantalon de survÃªtement
 Zalando; KAYANNIE - Sac Ã  main
 AGI; SNOWMASS - Bottines Ã  lacets
 Zalando; ROXANNE ANKLE - Jeans Skinny
 Zalando; Robe en jean
 Zalando; ALPHA INDUSTRIES PADDED OVERSHIRT - Blouson Bomber
 Zalando; ALPHA INDUSTRIES JACKET - Blouson Bomber
 ProFashion GmbH; Ã‰charpe
 ProFashion GmbH; MIT AUFDRUCK - Ã‰charpe
 ProFashion GmbH; MIT KRAGEN - Robe pull
 ProFashion GmbH; PERFECT BODY MIT REISSVERSCHLUSSTASCHEN - Pantalon classique
 ProFashion GmbH; MIT EINGRIFFTASCHEN - Pantalon de survÃªtement
 KEY LARGO; TROUBLE - Sweat Ã  capuche
 KEY LARGO; MST FOREST ROUND - Pullover
 KEY LARGO; MSW STEFANO - Pullover
 KEY LARGO; T-shirt imprimé
 Shopping Factory; TCHITA-FN - Manteau court
 FILA; Veste mi-saison
 Brand Trotter;" ""Veste dhiver"""
 Brand Trotter; Sweat Ã  capuche
 Brand Trotter; CASUAL - Sweatshirt
 Brand Trotter; Veste en cuir
 Brand Trotter; CASUAL - Veste en cuir
 Brand Trotter; HIGH COLLAR - Veste en cuir
 Brand Trotter; CASUAL - Veste en cuir
 Brand Trotter; CASUAL - Blouson Bomber
 Brand Trotter; CASUAL - Veste en cuir
 Brand Trotter; Chemisier
 Brand Trotter; STRIPED - Robe fourreau
 Brand Trotter; CASUAL - Robe de jour
 Brand Trotter; SurvÃªtement
 Brand Trotter; MIT RUNDHALSAUSSCHNITT - SurvÃªtement
Zalando;PROMOTER - Baskets montantes
Zalando;VIVIDLY - Escarpins
DeFacto;Chemisier
Zalando;ONSIASON SLIM TEE - T-shirt imprimé
Oneill;BAAY MAOI - Bikini
Zalando;JDYBRILLIANT HOOD CARDIGAN - Gilet
DeFacto;REGULAR FIT - Parka
BESTSELLER;FILLI V NECK GA NOOS - T-shirt basique
Zalando;T-shirt Ã  manches longues
Vans;DEANA - Sac de randonnée
Vans;LEFT CHEST LOGO TEE - T-shirt basique
Steve Madden;BVITAL - Sac bandoulière
Zalando;CHARLIZE - Escarpins Ã  plateforme
Zalando;VALA - Escarpins
Zalando;ICE - T-shirt basique
Zalando;MID CUT SHOE REBOUND 2.0 - Chaussures de basket
Quiksilver;EVERYDAY VOLLEY - Short de bain
Zalando;T-shirt Ã  manches longues
Zalando;Sweat Ã  capuche zippé
Zalando;3 POINT - Chaussures fitness
modeherz;VIKKY - Cabas
Zalando;CHALLENGER UNISEX - Short de sport
Vans;OLD SKOOL - Sac Ã  dos
PUMA;GRAVITON AC UNISEX - Baskets basses
Zalando;CLUB HOODIE - Sweat Ã  capuche
Oneill;CALI - Short de bain
Zalando;LOW CUT SHOE REBOUND 2.0 UNISEX - Chaussures de basket
WE Fashion;Polo
Victoria Hyde;UHR PRAGUE - Montre
Zalando;PRINTED DUNE SKY TANKLETTE - Débardeur
Superdry;STUDIOS - Débardeur
Misako;LAMITA - Sac bandoulière
Guess;ALLOVER LOGO - Blouson
Zalando;LOW CUT SHOE REBOUND 2.0 UNISEX - Chaussures de basket
Zalando;LOW CUT SHOE JOLT - Chaussures de course
Zalando;RENEW IN SEASON TR 12 - Chaussures fitness
Brand Trotter;Sweat Ã  capuche
ProFashion GmbH;Jean flare
ProFashion GmbH;LONG STYLE - Gilet
ProFashion GmbH;STRETCH MIT ZIERNAHT - Legging
Zalando;YASLIZZIE STRAIGHT PANT - Pantalon classique
Zalando;YASRINGO HIGH WAIST FLARED PANT CELEB - Pantalon classique
Zalando;YASLIZZIE BUSTIER CELEB - Débardeur
Zalando;PALPITI - Jean bootcut
WE Fashion;MET RUITDESSIN - Veste polaire
WE Fashion;REGULAR FIT - Pantalon classique
WAXX STORE;SANS MANCHES SKIN - Veste sans manches
Zalando;VMSABA O NECK STRIPE - Pullover
Zalando;VMPEPPER ANEA V NECK - Blouse
Zalando;VMAVA PLAIN TOP - T-shirt basique
BESTSELLER;GESTREIFTES - T-shirt Ã  manches longues
Zalando;VMRIE OLI WIDE PANTS - Pantalon classique
Purple Store La Rochelle;ORIGINALE APIL - Casquette
Purple Store La Rochelle;TRUCKER TATOO - Casquette
Ferry Jeans Store Paris;Casquette
Vans;DX SKATEPACK - Sac Ã  dos
Vans;BOXED LOGO FORAL SS TEE - T-shirt imprimé
Vans;UA OLD SKOOL - Baskets basses
Popken;PIPINGS UNTERBRUSTBAND VORDER - Maillot de bain
Popken;Maillot de bain
Popken;HERZMUSTER A-LINIE STEHKRAGEN LANGARM - Sweatshirt
Popken;PZOPFMUSTER OVERSIZED STEHKRAGEN Ã„RMELLOS - T-shirt imprimé
Headwear TuTu;ALICE - Autres accessoires
Headwear TuTu;ALICE - Autres accessoires
Headwear TuTu;ALICE - Autres accessoires
Headwear TuTu;FRED - Ã‰charpe tube
Headwear TuTu;FRED - Ã‰charpe tube
Headwear TuTu;ALICIA - Ã‰charpe tube
Headwear TuTu;DARREN - Bonnet
Headwear TuTu;ED - Foulard Ã  cheveux
Headwear TuTu;ED - Foulard Ã  cheveux
Zalando;UNISEX - Chaussures bateau
Zalando;"""HELIOS - Veste dhiver"""
TREBIUS VALENS;SIGNATURE IMPERIALE - T-shirt basique
Superdry;VINTAGE MERCH STORE - Sweat Ã  capuche
Superdry;PARACHUTE GRIP - Pantalon cargo
Stradivarius;"""PACK OF - Boucles doreilles"""
Stradivarius;MIT CUT-OUTS UND ABGETRENNTEN Ã„RMELN - Pullover
Gerry Weber Retail GmbH;POCKET SANDY - Jean slim
#supportthestores;Escarpins
#supportthestores;Escarpins
Zalando;WOVEN DRESS - Robe en jean
Zalando;APPLIQUE LOGO - T-shirt imprimé
Zalando;APPLIQUE LOGO - T-shirt imprimé
TMC;Pullover
Christelle N. Store Vaunaveys-la-Rochette;MORGANE - Blouse
Zalando;SLFSALLI OVERSIZE - Chemisier
Zalando;SLFELKE FLORENTA 3/4 DRESS - Robe longue
Zalando;LAETIZIA - Sac Ã  main
Scotch & Soda;OVERSIZED FLORAL ARTWORK - Sweat Ã  capuche
SHIWI;BEAU - Bikini
Popken;ELASTISCHE TAILLE LANGARM - Robe en jean
Roxy;BEACH CLASSICS HIPSTERBASIC - Bas de bikini
Roxy;LIGHTS OUT B - Sweatshirt
River Island;RI MONOGRAM BUNDLE - Portefeuille
River Island;Chemise
River Island;Robe de jour
P4 Markets;COLLEGE SLIP OVER - T-shirt imprimé
Reebok;IDENTITY STACKED LOGO - Sweat Ã  capuche
Reebok;NEW BIG LOGO - Brassières de sport Ã  maintien léger
Reebok;Pantalon de survÃªtement
Reebok;IDENTITY - Short de sport
Reebok;BRAND PROUD - Sweat Ã  capuche
Reebok;ROYAL COMPLETE CLN 2 - Baskets basses
Shopping Factory;BEN - Moufles
schulz outdoor outlet GmbH;REGATTA PIMLO WALKING - Sweat polaire
Zalando;NOTCH STRIPE FLUTE - Pullover
Zalando;TIE FRONT SHIRT - Chemisier
Zalando;CONTRAST RAGLAN - T-shirt Ã  manches longues
Zalando;WILD FLOWERS DAD TEE - T-shirt imprimé
Quiksilver;SNACKEY GARDIAN - Sweatshirt
Quiksilver;BAYRISE EQYFT04763 - Sweatshirt
Quiksilver;CARVER CORE - Tongs
PUMA;MIRAGE - Chaussures premiers pas
PUMA;SMASH BUCK - Baskets basses
Zalando;ART - T-shirt imprimé
Zalando;CREW - Sweatshirt
Zalando;PCRUKA - T-shirt Ã  manches longues
Paul Costelloe;MALEWA - Sac bandoulière
Paul Costelloe;NIEVA - Sac Ã  main
Zalando;ONSLAW STRUCTURE PANT - Pantalon classique
Zalando;Chemise
Zalando;Chemise
Zalando;CARIBI O NECK - Gilet
#supportthestores;RICHARD - Chemise
No Name;Bottines Ã  plateau
New Look Germany (GmbH);CHECK HIGH WAIST - Legging
Zalando;LOGO STRAIGHT PANT - Pantalon de survÃªtement
Shopping Factory;HORLOGES - Montre Ã  affichage digital
BESTSELLER;STRAMPLER LANGARM - Body
BESTSELLER;STRAMPLER LANGARM - Body
BESTSELLER;STRAMPLER LANGARM - Body
BESTSELLER;NBMTOBBIE LS BOX - T-shirt Ã  manches longues
BESTSELLER;AMONG US - T-shirt imprimé
Zalando;TEE YOGA - T-shirt Ã  manches longues
MAISON MONTAGUT;AVEC LOGO EN - Gilet
MAISON MONTAGUT;AVEC LOGO - Pullover
MAISON MONTAGUT;Ã€ CAPUCHE AVEC POCHES EN - FABIO - Sweat Ã  capuche
MAISON MONTAGUT;COL V EN - EVANN - Pullover
MAISON MONTAGUT;COL V EN - Pullover
MAISON MONTAGUT;COL V EN - Pullover
MAISON MONTAGUT;MANCHES CHAUVE-SOURIS EN - BOXE - Pullover
engelhorn;ALGHERO - Pullover
MS Mode;Pullover
"""Maniita Lacitta""";STEFANI - TWEED - Robe de jour
Minimum;FIENNA - T-shirt Ã  manches longues
Minimum;FIENNA - T-shirt Ã  manches longues
TheWan Store Paris;ROEL PORTABLE - Ã‰tui Ã  portable
TheWan Store Paris;ROEL PORTABLE - Ã‰tui Ã  portable
Zalando;"""JACKET STAND UP COLLAR DRAWSTRING HEM - Veste dhiver"""
mamino;MIT V-AUSSCHNITT - Pullover
mamino;MIT V-AUSSCHNITT - Pullover
mamino;MIT U-BOOT-AUSSCHNITT - Pullover
Zalando;Veste mi-saison
Massimo Dutti;PLAIN - Cravate
Massimo Dutti;PLAIN - Cravate
Massimo Dutti;Cravate
Massimo Dutti;Ã‰charpe
Massimo Dutti;CREPE - Ã‰charpe
Massimo Dutti;T-shirt basique
Massimo Dutti;WITH CENTRAL SEAM 05043702 - Pantalon classique
Zalando;FLORAL EMBELLISHED CAMI MAXI DRESS - Robe de cocktail
TOM & CHLOE Store Tours;Combinaison de ski
#supportthestores;ELENA - Blouse
"""LExclusive""";SAISON UNISEX - T-shirt imprimé
heyconnect;DOPPELPACK - Collants
Zalando;MONOGRAM LARGE ANDIE DRAWSTRING - Sac Ã  main
Zalando;HAT - Chapeau
Zalando;RIO - Haut de bikini
Zalando;CARDIGAN VANESSA - Gilet
Zalando;CARDIGAN VANESSA - Gilet
Zalando;ELOISA - Blazer
Zalando;HINGED BANGLE - Bracelet
DK company;GENNIKB - Blouse
DK company;KCHELLA - Robe de jour
Karl Lagerfeld;MONOGRAM ALL-OVER - Collier
Zalando;DAZZLE CHOKER - Collier
Kazar;HANSEL - Bottines
Zalando;JDYALICE SHIRT - Chemisier
Ecom Brands;JONA MEDIUM STYLISC - Sac Ã  dos
Ecom Brands;JONA MEDIUM STYLISC - Sac Ã  dos
Zalando;COSMA PURSE - Portefeuille
BESTSELLER;JJECORP LOGO SS PLAY NOOS JNR - T-shirt imprimé
Zalando;JORBECKS CREW NECK - Sweatshirt
Zalando;JJHILL HIGH NECK CARDIGAN - Gilet
Zalando;BLOUSON SLEEVE BUSTIER RUCHED DETAIL MINI DRESS - Robe de soirée
#supportthestores;EVEREST FUNDUS - Mules
Gerry Weber Retail GmbH;Pullover
Mueller and Meirer Retail GmbH Co.KG;BE DIFFERENT - Portefeuille
Gerry Weber Retail GmbH;"""Veste dhiver"""
Gerry Weber Retail GmbH;1/2 ARM KURZARM - Polo
Guess;Ceinture
modeherz;MAILA - Sac Ã  main
Guess;Sac Ã  main
Guess;MIT KAPUZE - Parka
Guess;MIT ALLOVER-PRINT - Robe de jour
Guess;SEITLICHES BLUMEN-LOGO - Pantalon de survÃªtement
Zalando;ANJA DRESS - Robe pull
Zalando;GRY BLOUSE - Blouse
#supportthestores;J VANIETT - Sandales de randonnée
Zalando;T-shirt basique
Zalando;SLUB SCOOP TEE - T-shirt Ã  manches longues
Furla;FURLA OPPORTUNITY L - Cabas
Zalando;SLEEVE LOGO LONG SLEEVE - Pullover
Zalando;CANEDO STRIPE - T-shirt imprimé
Zalando;BAREFOOT UNISEX - Chaussures Ã  scratch
Zalando;ROSARIO VEGAN UNISEX - Baskets basses
Zalando;MARY F - Ballerines
Etam Paris;Slip
Etam Paris;BELLI - Haut de pyjama
Etam Paris;BEKA - Haut de pyjama
Etam Paris;SUBLIME WE CARE CLASSIQUE - Soutien-gorge Ã  armatures
Element;TREELOGO - Casquette
Element;CORNELL - Sweat Ã  capuche
Element;CORNELL - Sweat Ã  capuche
P4 Markets;"""MARLIN - Veste dhiver"""
P4 Markets;Robe pull
P4 Markets;FLORIANE - Pantalon classique
Ellos Group;"""BABBA - Veste dhiver"""
Ellos Group;VEGA - Robe longue
Zalando;Jean slim
Zalando;STANHOPE - Montre
Diesel;T-SLI-G3 - T-shirt imprimé
DeFacto;SET REGULAR FIT - Pyjama
DeFacto;REGULAR FIT - Chemise de nuit / Nuisette
DeFacto;Pochette
DeFacto;Blouson Bomber
DeFacto;REGULAR FIT - Sweatshirt
DeFacto;REGULAR FIT - Sweat Ã  capuche
DeFacto;Sweat polaire
DeFacto;PEDRO - Jean slim
DeFacto;Chemisier
DeFacto;OVERSIZE FIT - Chemisier
DeFacto;Robe longue
Desigual;Sweatshirt
Zalando;MAGIC BASKET MID TWIN UNISEX - Baskets montantes
CHASIN;HOODIE TRIBE - Sweatshirt
KOFFER.COM;WILLOW - Sac Ã  main
KOFFER.COM;Ã‰tui Ã  clefs
modeherz;Sac bandoulière
Claudie Pierlot;ANGELANEWTARTAN - Sac bandoulière
CARLO COLUCCI;MIT SAFFIANO-PRÃ„GUNG CHITI - Ceinture
Zalando;LOW CUT SHOE SPRINT - Chaussures fitness
Zalando;LOW CUT SHOE SPRINT - Chaussures fitness
Zalando;LOW CUT SHOE SPRINT - Chaussures fitness
Zalando;LOW CUT SHOE PEONY - Chaussures fitness
C&A Mode GmbH & Co. KG;2 PACK - Sweatshirt
C&A Mode GmbH & Co. KG;Jeans Skinny
LOL SHOES Store Marseille;3 POMPONS JUS DE POMME - Bonnet
Stylefile;BULO POINT JACKET OMNI-HEAT-INFINITY - Doudoune
Stylefile;CROPPED - Veste en jean
Brooks Brothers;MILANO SLIM FIT - Chemise
Billabong;MORE FUN - Bas de bikini
Bershka;Cabas
Bershka;BOXY-FIT SHORT SLEEVE ONE PIECE - T-shirt imprimé
Bershka;BOXY FIT SHORT SLEEVE WITH CONTRAST THREAD - T-shirt imprimé
Bershka;MICKEY - PRINT - Sweat Ã  capuche
Bershka;Pullover
Zalando;RACEMASTER JACKET - Veste légère
Zalando;Débardeur
Zalando;BEKA UNISEX - Sandales
modeherz;Mallette
TheWan Store Paris;LINA - Cache-oreilles
TheWan Store Paris;LINA - Cache-oreilles
TheWan Store Paris;LINA - Cache-oreilles
TheWan Store Paris;LINA - Cache-oreilles
BIMBA Y LOLA;Santiags
ARMEDANGELS;DAVINJAA SOFT - Pullover
ARMEDANGELS;LAARNI - Pullover
Zalando;ONE SHOULDER RUFFLE DRESS - Robe de soirée
Blackskies;MALLEUM ANHÃ„NGER - Collier
Blackskies;MALLEUM ANHÃ„NGER - Collier
Zalando;T-shirt imprimé
adidas;STAR - Chaussures de running stables
adidas;ADIBREAK - Pantalon de survÃªtement
Zalando;KAYANNIE - Sac Ã  main
AGI;SNOWMASS - Bottines Ã  lacets
Zalando;ROXANNE ANKLE - Jeans Skinny
Zalando;Robe en jean
Zalando;ALPHA INDUSTRIES PADDED OVERSHIRT - Blouson Bomber
Zalando;ALPHA INDUSTRIES JACKET - Blouson Bomber
ProFashion GmbH;Ã‰charpe
ProFashion GmbH;MIT AUFDRUCK - Ã‰charpe
ProFashion GmbH;MIT KRAGEN - Robe pull
ProFashion GmbH;PERFECT BODY MIT REISSVERSCHLUSSTASCHEN - Pantalon classique
ProFashion GmbH;MIT EINGRIFFTASCHEN - Pantalon de survÃªtement
KEY LARGO;TROUBLE - Sweat Ã  capuche
KEY LARGO;MST FOREST ROUND - Pullover
KEY LARGO;MSW STEFANO - Pullover
KEY LARGO;T-shirt imprimé
Shopping Factory;TCHITA-FN - Manteau court
FILA;Veste mi-saison
Brand Trotter;"""Veste dhiver"""
Brand Trotter;Sweat Ã  capuche
Brand Trotter;CASUAL - Sweatshirt
Brand Trotter;Veste en cuir
Brand Trotter;CASUAL - Veste en cuir
Brand Trotter;HIGH COLLAR - Veste en cuir
Brand Trotter;CASUAL - Veste en cuir
Brand Trotter;CASUAL - Blouson Bomber
Brand Trotter;CASUAL - Veste en cuir
Brand Trotter;Chemisier
Brand Trotter;STRIPED - Robe fourreau
Brand Trotter;CASUAL - Robe de jour
Brand Trotter;SurvÃªtement
Brand Trotter;MIT RUNDHALSAUSSCHNITT - SurvÃªtement
Ellos Group;"""BABBA - Veste dhiver"""
engelhorn;"""TJCU REVERSIBLE CROPPED COACH - Veste dhiver"""
Gerry Weber Retail GmbH;1/2 ARM KURZARM - Polo
Zalando;2 PACK - Haut de pyjama
Zalando;3 POINT - Chaussures fitness
Gerry Weber Retail GmbH;3/4 ARM - T-shirt Ã  manches longues
MAISON MONTAGUT;Ã€ CAPUCHE AVEC POCHES EN - FABIO - Sweat Ã  capuche
Reebok;AC DREAMBLEND - T-shirt Ã  manches longues
Quiksilver;AIRFLOW KURZÃ„RMLIGES - Chemise
Zalando;AIRTAG LOOP - Autres accessoires
Zalando;ALEX MINI DRESS SENORITA - Robe de soirée
Guess;ALLOVER LOGO - Blouson
BESTSELLER;AMONG US - T-shirt imprimé
Claudie Pierlot;ANATOLE - Escarpins
Zalando;ANJA DRESS - Robe pull
Zalando;APPLE 12W USB POWER ADAPTER - Cable chargeur
Stylefile;ASHBURN PUFFER - Veste mi-saison
Zalando;AYAS - Sweatshirt
surf4shoes;Baskets basses
Zalando;Baskets basses
Quiksilver;BAYRISE EQYFT04763 - Sweatshirt
SHIWI;BEAU - Bikini
Etam Paris;BELLI - Haut de pyjama
Roxy;BETTER THAN EVER - Débardeur
Quiksilver;BIG LOGO HOOD - Sweat Ã  capuche
Zalando;BLACKHEAD EXTRACTOR TOOL - Accessoires soin du corps
Zalando;Blouse
Brand Trotter;Blouson Bomber
Element;BLUNT POUR HOMME ELYKT - T-shirt Ã  manches longues
Vans;BOOM BOOM CHECK IT - Sweat Ã  capuche
FILA;BORMIO REGULAR - T-shirt imprimé
Place du Marais;Bottes de neige
Bershka;BOXY - T-shirt imprimé
Oneill;CALI - Short de bain
Zalando;CALL MY LAWYER ACT NOW UNISEX - T-shirt imprimé
Etam Paris;CAPTIVANTE - Soutien-gorge Ã  armatures
Zalando;CARDIGAN VANESSA - Gilet
Brand Trotter;CASUAL - Chemise
Brand Trotter;CASUAL - Sweatshirt
Brand Trotter;CASUAL - Veste en cuir
Zalando;CHARLIZE - Escarpins Ã  plateforme
Brand Trotter;CHECKED - Chemisier
Brand Trotter;CHECKED - Débardeur
America Today;Chemise
DeFacto;Chemise
Desigual;Chemise
Desigual;Chemisier
Brand Trotter;Chemisier
DeFacto;Chemisier
MAISON MONTAGUT;COL V EN - EVANN - Pullover
MAISON MONTAGUT;COL V EN - Pullover
Minoti PL;COMBAT - Pantalon de survÃªtement
Zalando;Combinaison
ARMEDANGELS;COMFORT BAARO - Sweatshirt
Zalando;CONTRAST FLORAL EMBROIDERED PUFF SLEEVE - Robe de cocktail
Zalando;CONTRAST RAGLAN - T-shirt Ã  manches longues
Element;CORNELL - Sweat Ã  capuche
Element;CORNELL - Sweatshirt
Element;CRAIL 3 0 - POUR ELYKT00120 - T-shirt basique
Scotch & Soda;CROPPED - Chemisier
Zalando;DAROS UNISEX - Sandales
engelhorn;DEFEAT - Pullover
Outfitter;DESIGNED FOR TRAINING - T-shirt basique
Zalando;DETANGLER PADDLE PRO - Accessoires cheveux
Zalando;DETANGLING COMB - Accessoires cheveux
heyconnect;DOPPELPACK - Collants
Brand Trotter;DOUBLE SIDE - Veste en cuir
Zalando;EAST WEST DRESS - Robe de jour
Zalando;ELOISA - Blazer
Reebok;ENERGEN - Chaussures de running neutres
#supportthestores;EVEREST FUNDUS - Mules
Quiksilver;EVERYDAY DELUXE VOLLEY - Short de bain
Quiksilver;EVERYDAY VOLLEY - Short de bain
Minimum;FIENNA - T-shirt Ã  manches longues
Zalando;FILLI V NECK GA NOOS - T-shirt basique
adidas;FIREBIRD TP - Pantalon de survÃªtement
Zalando;FLEX DRY PRO - Accessoires cheveux
Popken;FLORAL PRINT - Blouse
P4 Markets;FLORIANE - Pantalon classique
Zalando;GEL QUANTUM 90 GS - Baskets basses
DK company;GENNIKB - Blouse
DK company;GIGIKB - Pullover
C&A Mode GmbH & Co. KG;Gilet
Zalando;GLADYS - Bottines Ã  plateau
Zalando;GO GREEN CURLY DETANGLER - Accessoires cheveux
Zalando;HARD TIMES PHYSICAL THERAPY UNISEX - T-shirt imprimé
WAXX STORE;HELSINKI - Doudoune
Brand Trotter;HIGH COLLAR - Veste en cuir
Reebok;IDENTITY CLASSICS - T-shirt basique
Etam Paris;IDOLE - Soutien-gorge triangle
#supportthestores;J VANIETT - Sandales de randonnée
Minimum;JALMAR - Pullover
Zalando;JDYALICE SHIRT - Chemisier
Zalando;JDYBRILLIANT HOOD CARDIGAN - Gilet
Zalando;JDYRACHEL - Blouse
Diesel;Jean droit
BESTSELLER;JJECORP LOGO SS PLAY NOOS JNR - T-shirt imprimé
Zalando;JJHILL HIGH NECK CARDIGAN - Gilet
Zalando;KARLO UNISEX - Sandales de randonnée
DK company;KCHELLA - Robe de jour
DK company;KCJALU BBB - Blouse
DK company;KCMEDU - Blouse
DK company;KCMITTO - Blouse
Diesel;K-ELESTO - Pullover
Diesel;K-LARAN - Pullover
Zalando;KYLA - Veste mi-saison
Gerry Weber Retail GmbH;LANGARM MIT STREIFEN-DESSIN - Pullover
Zalando;LAURYN - Santiags
Zalando;LOGO TRACK JACKET - Veste de survÃªtement
Zalando;LOGO TRACK PANTS - Pantalon de survÃªtement
Zalando;LORE N-STRAPS - Sandales
Zalando;LORE STRAPS - Sandales
Roxy;LOVE THE 360 - Haut de bikini
Zalando;LOW CUT SHOE JAUNT - Chaussures fitness
Zalando;LOW CUT SHOE REBOUND 2.0 UNISEX - Chaussures de basket
Zalando;LOW CUT SHOE SOFTY EVOLVE UNISEX - Chaussures fitness
Zalando;LUKA UNISEX - Baskets basses
Zalando;MAGLIA GIROCOLLO - Pullover
MAISON MONTAGUT;MANCHES CHAUVE-SOURIS EN - BOXE - Pullover
Brand Trotter;Manteau court
engelhorn;MARLAN - Gilet
Melvin and Hamilton;MARLIN 12 - Santiags
Zalando;MARY F - Ballerines
ABA LABELS;MATISSE - Manteau classique
Zalando;MENS - Pullover
WE Fashion;MET RUITDESSIN - Veste polaire
Zalando;MID CUT SHOE REBOUND 2.0 MID - Chaussures de basket
PUMA;MILAN - Pantalon de survÃªtement
Zalando;MINI DETANGLER PRO - Accessoires cheveux
ProFashion GmbH;MIT 3/4 ARM - T-shirt Ã  manches longues
Gerry Weber Retail GmbH;MIT BLOCKSTREIFEN - Gilet
Happy Girls;MIT PERLENBAND - Robe de soirée
ProFashion GmbH;MIT PRINT - Pullover
Brand Trotter;MIT RUNDHALSAUSSCHNITT - SurvÃªtement
CARLO COLUCCI;MIT SCHRIFTZUG CALDERON - Sweat Ã  capuche
Brand Trotter;MIT V AUSSCHNITT - Pullover
Zalando;MIX TEXTURE - Pullover
ABA LABELS;MONIQ - Robe fourreau
Billabong;MORE FUN - Bas de bikini
Roxy;NATURALLY ACTIVE - Sweatshirt
BESTSELLER;NBMTOBBIE LS BOX - T-shirt Ã  manches longues
BESTSELLER;NMFRAFA LS BOX - T-shirt Ã  manches longues
Zalando;NOTCH STRIPE FLUTE - Pullover
Zalando;ONLEMILY DRESS - Robe de jour
Zalando;ORIGINAL - T-shirt basique
Zalando;ORIGINAL DETANGLER - Accessoires cheveux
Bershka;OVERSIZE CONTRAST THREAD-01857127 - Sweat Ã  capuche
Scotch & Soda;OVERSIZED FLORAL ARTWORK - Sweat Ã  capuche
Zalando;PAIX - Chaussures premiers pas
Zalando;PAIX UNISEX - Chaussures Ã  scratch
Zalando;PALPITI - Jean bootcut
Brand Trotter;Pantalon classique
ABA LABELS;Pantalon classique
Zalando;PCRUKA - T-shirt Ã  manches longues
DeFacto;PEDRO - Jean slim
ProFashion GmbH;PERFECT BODY MIT REISSVERSCHLUSSTASCHEN - Pantalon classique
Zalando;PMHANNE - Jeans Skinny
#supportthestores;POLICY - Baskets basses
River Island;Polo
Zalando;PREMIUM EMBROIDERED AND EMBELLISHED MAXI DRESS - Robe de cocktail
BESTSELLER;PRINT - Legging
Zalando;PROMOTER - Baskets montantes
WE Fashion;Pullover
Zalando;Pullover
Popken;PZOPFMUSTER OVERSIZED STEHKRAGEN Ã„RMELLOS - T-shirt imprimé
Zalando;REBOUND 2.0 - Chaussures fitness
WE Fashion;REGULAR FIT MET DESSIN - Chemise
Quiksilver;RETRO FADE - Sweat Ã  capuche
P4 Markets;Robe pull
Zalando;ROSARIO VEGAN - Baskets basses
Bershka;ROUND NECK - Pullover
Brand;SANS MANCHES SKIN - Veste sans manches
Superdry;SHEARLING CHORE - Veste en cuir
GoJungo;SILVESTER PARTY HAPPY PEOPLE ONLY - T-shirt imprimé
Zalando;SLASH-NECK RUCHED MIDI DRESS - Robe longue
Zalando;SLFMONIKA HIGH NECK - T-shirt Ã  manches longues
Zalando;SLFSALLI OVERSIZE - Chemisier
Etam Paris;Slip
Quiksilver;SOLID STREAK SURF LONGSLEEVE MIT UPF 50 - T-shirt Ã  manches longues
adidas;STAR - Chaussures de running stables
"""Maniita Lacitta""";STEFANI - TWEED - Robe de jour
Melvin and Hamilton;STEFY - Mocassins
BESTSELLER;STRAMPLER LANGARM - Body
ProFashion GmbH;STRETCH MIT ZIERNAHT - Legging
Etam Paris;SUBLIME WE CARE CLASSIQUE - Soutien-gorge Ã  armatures
Brand Trotter;SurvÃªtement
Brand Trotter;Sweat Ã  capuche
Zalando;Sweat Ã  capuche zippé
Element;Sweatshirt
ProFashion GmbH;Sweatshirt
River Island;Sweatshirt
Reebok;TANK - Débardeur
Zalando;TAPE OVERHEAD HOOD - T-shirt Ã  manches longues
Zalando;THE FASHION SET - Costume
surf4shoes;T-MODELL - Chaussons
Element;TOPAZ C3 - Baskets basses
Zalando;TORO PRO GTX LO WS - Chaussures de marche
Zalando;T-shirt Ã  manches longues
Zalando;T-shirt Ã  manches longues
ProFashion GmbH;T-shirt Ã  manches longues
DANISH ENDURANCE;T-shirt Ã  manches longues
Zalando;T-shirt imprimé
KEY LARGO;T-shirt imprimé
Zalando;TWITCH RUNNER - Chaussures de running
PUMA;ULTRA FLEX SLEEVE - Protège-tibias
Zalando;UNISEX - T-shirt imprimé
KEY LARGO;VALLEY - Sweat Ã  capuche
Ellos Group;VEGA - Robe longue
Zalando;VENT MAX - Veste de survÃªtement
Brand Trotter;Veste légère
Zalando;Veste mi-saison
FILA;Veste mi-saison
Stylefile;Veste sans manches
Superdry;VINTAGE MERCH STORE - Sweat Ã  capuche
Zalando;VMBUMPY SHIRT NEW - Chemisier
Zalando;VMJULIANA BOOT - Bottines Ã  plateau
Zalando;VMLIANNA SHORT SKIRT - Minijupe
Zalando;VMPEPPER ANEA V NECK - Blouse
Zalando;VMPEPPER AYA WRAP - Blouse
Zalando;VMSABA O NECK STRIPE - Pullover
Zalando;WILD FLOWERS DAD TEE - T-shirt imprimé
Zalando;WOMAN JACKET FIX HOOD - Veste imperméable
Zalando;YASATHENA STRAP - Débardeur
Zalando;YASJELLA PANT - Pantalon classique
Zalando;YASRINGO - Pantalon classique
